,fecha,latitud,longitud,url,titulo,tipo_propiedad,precio,moneda,m2,ambientes
0,2021_10_25,-41.16953,-71.43849,https://departamento.mercadolibre.com.ar/MLA-1100100746-deptoen-bariloche-cerro-catedral-_JM,"Depto.en Bariloche, Cerro Catedral",Departamento,6000.0,ARS,60,3
1,2021_10_25,-41.086212,-71.185814,https://departamento.mercadolibre.com.ar/MLA-1100201672-sobre-el-huapi-loft-alquiler-dpto-en-villa-huapi-bariloche-_JM,Sobre El Huapi Loft - Alquiler Dpto En Villa Huapi Bariloche,Departamento,7900.0,ARS,52,1
2,2021_10_25,-41.128075,-71.38077,https://inmueble.mercadolibre.com.ar/MLA-1100254428-depto-amplio-para-hasta-5-personas-_JM,Depto. Amplio Para Hasta 5 Personas,Otro inmueble,6800.0,ARS,100,
3,2021_10_25,-41.13429,-71.3116,https://departamento.mercadolibre.com.ar/MLA-1100298644-monoambiente-con-bano-y-cocina-completo-_JM,Monoambiente Con Baño Y Cocina Completo,Departamento,4200.0,ARS,28,1
4,2021_10_25,-41.065308,-71.45783,https://departamento.mercadolibre.com.ar/MLA-1100370772-alquiler-turistico-bus-boutique-bariloche-_JM,"Alquiler Turistico Bus Boutique, Bariloche",Departamento,5500.0,ARS,550,1
5,2021_10_25,-41.16942,-71.440216,https://departamento.mercadolibre.com.ar/MLA-1100414392-excelente-monoambiente-en-cerro-catedral-_JM,Excelente Monoambiente En Cerro Catedral. ,Departamento,8000.0,ARS,34,1
6,2021_10_25,-41.13517,-71.29419,https://departamento.mercadolibre.com.ar/MLA-1100590962-monoambiente-departamento-turistico-bariloche-_JM,Monoambiente - Departamento Turistico Bariloche,Departamento,4000.0,ARS,30,1
7,2021_10_25,-41.132347,-71.353676,https://departamento.mercadolibre.com.ar/MLA-1100776392-alojamiento-con-vista-al-lago-_JM,Alojamiento Con Vista Al Lago,Departamento,8000.0,ARS,65,3
8,2021_10_25,-41.069027,-71.4817,https://inmueble.mercadolibre.com.ar/MLA-1100933025-alquilo-dpto-barilochetiempo-compartido-_JM,"Alquilo Dpto Bariloche,tiempo Compartido",Tiempo compartido,41000.0,ARS,65,2
9,2021_10_25,-41.13861,-71.30091,https://departamento.mercadolibre.com.ar/MLA-1100966352-departamento-en-bariloche-centro-para-4-con-terracita-_JM,Departamento En Bariloche Centro Para 4 Con Terracita,Departamento,5500.0,ARS,60,1
10,2021_10_25,-41.133842,-71.31149,https://departamento.mercadolibre.com.ar/MLA-1101014564-departamento-en-bariloche-con-vista-al-lago-nahuel-huapi-_JM,Departamento En Bariloche Con Vista Al Lago Nahuel Huapi,Departamento,4300.0,ARS,30,1
11,2021_10_25,-41.122337,-71.385376,https://departamento.mercadolibre.com.ar/MLA-1101087993-alquiler-departamento-turistico-diario-bariloche-en-complejo-_JM,Alquiler Departamento Turístico Diario Bariloche En Complejo,Departamento,5500.0,ARS,36,1
12,2021_10_25,-41.133495,-71.3085,https://departamento.mercadolibre.com.ar/MLA-1101145303-centro-vista-unica-excelente-ubicacion--_JM,"Centro ! Vista Unica , Excelente Ubicación !!",Departamento,6000.0,ARS,40,2
13,2021_10_25,-41.133465,-71.30847,https://departamento.mercadolibre.com.ar/MLA-1101150330-centro-vista-unica-excelente-ubicacion-_JM,Centro ! Vista Unica ! Excelente Ubicación!,Departamento,6000.0,ARS,39,2
14,2021_10_25,-41.139534,-71.31472,https://departamento.mercadolibre.com.ar/MLA-1101344257-venta-departamento-2-ambientes-centro-de-bariloche-ideal-renta-temporal-_JM,Venta Departamento 2 Ambientes Centro De Bariloche Ideal Renta Temporal,Departamento,105000.0,USD,72,2
15,2021_10_25,-41.134586,-71.3114,https://departamento.mercadolibre.com.ar/MLA-1101651056-san-martin-100-centro-bariloche-_JM,"San Martin 100, Centro, Bariloche.",Departamento,4000.0,ARS,22,1
16,2021_10_25,-41.169415,-71.43844,https://departamento.mercadolibre.com.ar/MLA-1101694345-alquiler-cabana-duplex-con-amenities-cerro-catedral-_JM,Alquiler Cabaña Duplex Con Amenities.  Cerro Catedral,Departamento,1000.0,USD,900,3
17,2021_10_25,-41.13419,-71.31663,https://departamento.mercadolibre.com.ar/MLA-1101749738-departamento-centrico-para-2-personas-leer-descripcion-_JM,Departamento Centrico Para 2 Personas. Leer Descripción!,Departamento,4500.0,ARS,31,1
18,2021_10_25,-41.171577,-71.39373,https://departamento.mercadolibre.com.ar/MLA-1101891834-departamento-amplio-en-arelauquen-_JM,Departamento Amplio En Arelauquen,Departamento,300.0,USD,117,6
19,2021_10_25,-41.16881,-71.436775,https://departamento.mercadolibre.com.ar/MLA-1101916803-cabana-bariloche-cerro-catedral-_JM,Cabaña Bariloche Cerro Catedral,Departamento,2500.0,ARS,90,
20,2021_10_25,-41.121555,-71.38991,https://departamento.mercadolibre.com.ar/MLA-1101959327-depto-teletrabajo-homeoffice-2-10-pax-con-vista-al-lago-dat-_JM,Depto Teletrabajo Homeoffice 2-10 Pax Con Vista Al Lago Dat,Departamento,8000.0,ARS,3000,3
21,2021_10_25,-41.17224,-71.436844,https://departamento.mercadolibre.com.ar/MLA-1102024874-divino-departamento-en-base-cerro-catedral-_JM,Divino Departamento En Base Cerro Catedral,Departamento,11000.0,ARS,80,2
22,2021_10_25,-41.139595,-71.31472,https://departamento.mercadolibre.com.ar/MLA-1102110835-departamento-en-el-centro-con-cochera-_JM,Departamento En El Centro Con Cochera,Departamento,7500.0,ARS,60,2
23,2021_10_25,-41.12785,-71.36585,https://departamento.mercadolibre.com.ar/MLA-1102232948-bariloche-alquiler-departamento-1-dormit-en-complejo-privado-_JM,Bariloche Alquiler Departamento 1 Dormit En Complejo Privado,Departamento,16000.0,ARS,63,2
24,2021_10_25,-41.13359,-71.30745,https://departamento.mercadolibre.com.ar/MLA-1102274767-alquilo-departamento-turistico-por-dia-_JM,Alquilo Departamento Turistico Por Dia,Departamento,7500.0,ARS,300,3
25,2021_10_25,-41.134632,-71.314835,https://departamento.mercadolibre.com.ar/MLA-1102710985-monoambiente-en-alquiler-con-vista-al-lago-_JM,Monoambiente En Alquiler Con Vista Al Lago,Departamento,3500.0,ARS,36,1
26,2021_10_25,-41.13646,-71.31331,https://casa.mercadolibre.com.ar/MLA-1102727267-departamentos-y-casa-turisticos-bariloche-centro-_JM,Departamentos Y Casa Turísticos Bariloche Centro,Casa,6000.0,ARS,65,
27,2021_10_25,-41.133842,-71.31149,https://departamento.mercadolibre.com.ar/MLA-1102878352-monoambiente-_JM,Monoambiente,Departamento,4800.0,ARS,27,1
28,2021_10_25,-41.135273,-71.301506,https://departamento.mercadolibre.com.ar/MLA-1102962588-alquiler-temporal-departamento-centro-bariloche-_JM,Alquiler Temporal Departamento Centro Bariloche ,Departamento,5500.0,ARS,36,1
29,2021_10_25,-41.13144,-71.25828,https://departamento.mercadolibre.com.ar/MLA-1103027526-depatamento-con-vista-al-lago-nahuel-huapi-_JM,Depatamento Con Vista Al Lago Nahuel Huapi,Departamento,3950.0,ARS,60,3
30,2021_10_25,-41.164753,-71.438286,https://departamento.mercadolibre.com.ar/MLA-1103030818-bariloche-alquiler-turistico-todo-el-ano-6-pax-catedral-_JM,Bariloche-alquiler Turístico Todo El Año-6 Pax-catedral.,Departamento,13000.0,ARS,65,3
31,2021_10_25,-41.13387,-71.30701,https://departamento.mercadolibre.com.ar/MLA-1103058487-alquiler-turistico-esplendido-depto-inmejorable-ubicacion-_JM,Alquiler Turístico Espléndido Depto. Inmejorable Ubicación,Departamento,3000.0,ARS,30,1
32,2021_10_25,-41.134655,-71.30261,https://departamento.mercadolibre.com.ar/MLA-1103337482-alquiler-departamento-3-dormitorios-zona-centro-bariloche-_JM,"Alquiler Departamento 3 Dormitorios, Zona Centro. Bariloche",Departamento,65000.0,ARS,70,4
33,2021_10_25,-41.11172,-71.419914,https://departamento.mercadolibre.com.ar/MLA-1103440390-cabana-en-bariloche-para-4-_JM,Cabaña En Bariloche Para 4,Departamento,12000.0,ARS,70,2
34,2021_10_25,-41.16957,-71.4369,https://departamento.mercadolibre.com.ar/MLA-1103598412-cabana-cerro-catedral-bariloche-_JM,Cabaña Cerro Catedral Bariloche,Departamento,30000.0,ARS,110,4
35,2021_10_25,-41.133472,-71.31028,https://departamento.mercadolibre.com.ar/MLA-1103624272-departamento-bariloche-_JM,Departamento - Bariloche,Departamento,85.0,USD,0,3
36,2021_10_25,-41.13519,-71.30274,https://departamento.mercadolibre.com.ar/MLA-1104021760-bariloche-alquiler-temporario-_JM,Bariloche Alquiler Temporario,Departamento,5000.0,ARS,50,2
37,2021_10_25,-41.13611,-71.339134,https://departamento.mercadolibre.com.ar/MLA-1104172125-apartamento-con-increibles-vistas-_JM,Apartamento Con Increíbles Vistas,Departamento,7000.0,ARS,90,2
38,2021_10_25,-41.172604,-71.43614,https://departamento.mercadolibre.com.ar/MLA-1104188963-departamento-bariloche-cerro-catedral-hasta-5-pers-_JM,Departamento Bariloche Cerro Catedral Hasta 5 Pers,Departamento,5000.0,ARS,67,1
39,2021_10_25,-41.1339,-71.315475,https://departamento.mercadolibre.com.ar/MLA-1104276794-alquilo-departamento-turistico-de-2-ambientes-en-bariloche-_JM,Alquilo Departamento Turístico De 2 Ambientes En Bariloche,Departamento,6000.0,ARS,66,2
40,2021_10_25,-41.165768,-71.385376,https://departamento.mercadolibre.com.ar/MLA-1104302051-departamento-de-categoria-en-barrio-arelauquen-bariloche-_JM,Departamento De Categoría En Barrio Arelauquen Bariloche,Departamento,250.0,USD,130,6
41,2021_10_25,-41.139606,-71.25954,https://departamento.mercadolibre.com.ar/MLA-1104310955-alquiler-departamento-con-jardin-en-bariloche-_JM,Alquiler Departamento Con Jardín En Bariloche,Departamento,5000.0,ARS,35,2
42,2021_10_25,-41.16957,-71.4369,https://departamento.mercadolibre.com.ar/MLA-1104521718-cabana-cerro-catedral-bariloche-_JM,Cabaña Cerro Catedral Bariloche,Departamento,30000.0,ARS,110,4
43,2021_10_25,-41.13377,-71.29695,https://departamento.mercadolibre.com.ar/MLA-1104578634-alquiler-temporario-de-departamento-en-bariloche-6-personas-_JM,Alquiler Temporario De Departamento En Bariloche 6 Personas,Departamento,6500.0,ARS,60,3
44,2021_10_25,-41.134148,-71.30277,https://departamento.mercadolibre.com.ar/MLA-1104836447-alquiler-turistico-centrico-con-vista-bariloche-24-pax-_JM,"Alquiler Turístico Céntrico, Con Vista Bariloche 2/4 Pax",Departamento,5000.0,ARS,60,2
45,2021_10_25,-41.134857,-71.31297,https://departamento.mercadolibre.com.ar/MLA-1105174548-departamento-centrico-cvista-parcial-al-lago-_JM,Departamento Céntrico C/vista Parcial Al Lago,Departamento,5500.0,ARS,40,2
46,2021_10_25,-41.105568,-71.44887,https://departamento.mercadolibre.com.ar/MLA-1105425626-departamento-de-alquiler-turistico-bariloche-rio-negro-_JM,"Departamento De Alquiler Turístico Bariloche, Rio Negro",Departamento,4500.0,ARS,80,2
47,2021_10_25,-41.137352,-71.31464,https://departamento.mercadolibre.com.ar/MLA-1105618345-hermoso-depto-para-dos-personas-en-bariloche-_JM,Hermoso Depto Para Dos Personas En Bariloche,Departamento,3500.0,ARS,45,2
48,2021_10_25,-41.12314,-71.36347,https://departamento.mercadolibre.com.ar/MLA-1105691378-departamento-monoambiente-ideal-renta-temporaria-melipal-_JM,Departamento Monoambiente Ideal Renta Temporaria - Melipal,Departamento,75000.0,USD,32,1
49,2021_10_25,-41.13889,-71.325836,https://departamento.mercadolibre.com.ar/MLA-1105691390-monoambiente-bariloche-centrico-con-cochera-en-venta-a-estrenar-ideal-renta-temporaria-_JM,Monoambiente Bariloche Centrico Con Cochera En Venta A Estrenar Ideal Renta Temporaria,Departamento,75000.0,USD,32,1
50,2021_10_25,-41.132393,-71.35367,https://casa.mercadolibre.com.ar/MLA-1105722008-dos-departamentos-en-el-mismo-complejo-_JM,Dos Departamentos En El Mismo Complejo,Casa,15000.0,ARS,150,
51,2021_10_25,-41.170242,-71.43912,https://departamento.mercadolibre.com.ar/MLA-1105789751-cabana-villa-cerro-catedral-marferrom-cabin-56-pax-_JM,Cabaña Villa Cerro Catedral Marferrom Cabin 5/6 Pax.,Departamento,15000.0,ARS,65,3
52,2021_10_25,-41.132195,-71.32298,https://departamento.mercadolibre.com.ar/MLA-1106292274-centro-c-bajada-privada-al-lago-4-personasleer-publicacion-_JM,Centro C/ Bajada Privada Al Lago-4 Personas.leer Publicacion,Departamento,13000.0,ARS,60,3
53,2021_10_25,-41.182186,-71.37879,https://departamento.mercadolibre.com.ar/MLA-1106330717-alquiler-temporario-_JM,Alquiler Temporario,Departamento,3500.0,ARS,70,3
54,2021_10_25,-41.133095,-71.30939,https://departamento.mercadolibre.com.ar/MLA-1106374528-alquiler-turistico-departamentos-en-bariloche-_JM,Alquiler Turístico Departamentos En Bariloche,Departamento,6400.0,ARS,60,2
55,2021_10_25,-41.137604,-71.30064,https://departamento.mercadolibre.com.ar/MLA-1106376179-amplio-y-luminoso-departamento-tipo-duplex-en-bariloche-_JM,Amplio Y Luminoso Departamento Tipo Duplex En Bariloche,Departamento,4500.0,ARS,50,3
56,2021_10_25,-41.144886,-71.26173,https://departamento.mercadolibre.com.ar/MLA-1106417034-alquiler-temporariosolo-grupos-familiares-_JM,Alquiler Temporario.solo Grupos Familiares,Departamento,100.0,ARS,400,5
57,2021_10_25,-41.168835,-71.43958,https://departamento.mercadolibre.com.ar/MLA-1106528135-cabanas-y-departamentos-en-villa-catedral-_JM,Cabañas Y Departamentos En Villa Catedral,Departamento,5500.0,ARS,90,2
58,2021_10_25,-41.134766,-71.34409,https://departamento.mercadolibre.com.ar/MLA-1106757177-departamento-turistico-3-pasajeros-bariloche-_JM,"Departamento Turístico 3 Pasajeros,  Bariloche",Departamento,6000.0,ARS,36,1
59,2021_10_25,-41.135635,-71.29998,https://departamento.mercadolibre.com.ar/MLA-1106765748-departamento-con-gimnasio-y-pileta-frente-al-lago-_JM,Departamento Con Gimnasio Y Pileta Frente Al Lago,Departamento,7500.0,ARS,36,1
60,2021_10_25,-41.13619,-71.3393,https://departamento.mercadolibre.com.ar/MLA-1106769419-apartamento-con-increibles-vistas-_JM,Apartamento Con Increíbles Vistas,Departamento,7000.0,ARS,100,2
61,2021_10_25,-41.18667,-71.41028,https://departamento.mercadolibre.com.ar/MLA-1106846207-4-ambientes-en-pb-con-jardin-en-barrio-arelauquen-golf-alquiler-temporal-por-quincena-_JM,"4 Ambientes En Pb  Con Jardin!  - En Barrio Arelauquen Golf, Alquiler Temporal Por Quincena",Departamento,2500.0,USD,173,4
62,2021_10_25,-41.156223,-71.317085,https://departamento.mercadolibre.com.ar/MLA-1107347672-alquiler-depto-2-amb-cerro-catedral-tiempo-compartido-_JM,Alquiler Depto 2 Amb Cerro Catedral (tiempo Compartido),Departamento,120000.0,ARS,75,2
63,2021_10_25,-41.106953,-71.45396,https://departamento.mercadolibre.com.ar/MLA-1107422847-acogedor-departamento-km-135-jardin-y-parrilla-_JM,"Acogedor Departamento Km 13,5. Jardin Y Parrilla",Departamento,6500.0,ARS,40,3
64,2021_10_25,-41.133842,-71.31149,https://departamento.mercadolibre.com.ar/MLA-1107442303-espectacular-vista-al-lago-pleno-centro-y-design-_JM,"Espectacular Vista Al Lago, Pleno Centro Y Design",Departamento,4000.0,ARS,30,1
65,2021_10_25,-41.135185,-71.28672,https://departamento.mercadolibre.com.ar/MLA-1107513154-monoambiente-mitre-en-bariloche-_JM,Monoambiente Mitre En Bariloche,Departamento,3500.0,ARS,35,1
66,2021_10_25,-41.133842,-71.31149,https://departamento.mercadolibre.com.ar/MLA-1107513793-excelente-vista-al-lago-pleno-centro-y-design-_JM,"Excelente Vista Al Lago, Pleno Centro Y Design",Departamento,4000.0,ARS,40,1
67,2021_10_25,-41.134098,-71.31152,https://departamento.mercadolibre.com.ar/MLA-1107528104-departamento-en-bariloche-con-opcional-a-cochera-_JM,Departamento En Bariloche Con Opcional A Cochera,Departamento,4500.0,ARS,26,1
68,2021_10_25,-41.142838,-71.30422,https://departamento.mercadolibre.com.ar/MLA-1107537257-alquiler-temporario-departamento-en-bariloche-_JM,Alquiler Temporario Departamento En Bariloche,Departamento,8500.0,ARS,50,3
69,2021_10_25,-41.140087,-71.30939,https://departamento.mercadolibre.com.ar/MLA-1107689982-alquiler-turistico-por-dia-centrico-en-bariloche-_JM,Alquiler Turístico Por Dia Céntrico En Bariloche,Departamento,8000.0,ARS,90,4
70,2021_10_25,-41.166203,-71.44106,https://departamento.mercadolibre.com.ar/MLA-1107726340-bariloche-alquiler-temporario-villa-catedral-la-mejor-vista-_JM,Bariloche Alquiler Temporario Villa Catedral La Mejor Vista,Departamento,8500.0,ARS,100,2
71,2021_10_25,-41.135796,-71.309006,https://departamento.mercadolibre.com.ar/MLA-1107761059-excelente-departamento-en-el-centro-de-bariloche-_JM,Excelente Departamento En El Centro De Bariloche,Departamento,18000.0,ARS,70,4
72,2021_10_25,-41.163815,-71.4387,https://departamento.mercadolibre.com.ar/MLA-1107876676-previaje-alquiler-temporario-bariloche-vista-al-lago-_JM,Previaje Alquiler Temporario Bariloche   Vista Al Lago,Departamento,12000.0,ARS,75,2
73,2021_10_25,-41.13653,-71.26,https://departamento.mercadolibre.com.ar/MLA-1107946113-bariloche-departamento-38000-la-semana-4-pax-_JM,"Bariloche Departamento,$ 38000 La Semana, 4 Pax",Departamento,5400.0,ARS,80,3
74,2021_10_25,-41.171505,-71.4428,https://departamento.mercadolibre.com.ar/MLA-1108041423-departamentos-alquiler-temporal-san-carlos-de-bariloche-_JM,Departamentos Alquiler Temporal San Carlos De Bariloche,Departamento,3750.0,USD,100,3
75,2021_10_25,-41.171505,-71.4428,https://departamento.mercadolibre.com.ar/MLA-1108060250-departamentos-alquiler-temporal-san-carlos-de-bariloche-_JM,Departamentos Alquiler Temporal San Carlos De Bariloche,Departamento,2500.0,USD,40,1
76,2021_10_25,-41.171505,-71.4428,https://departamento.mercadolibre.com.ar/MLA-1108077855-departamentos-alquiler-temporal-san-carlos-de-bariloche-_JM,Departamentos Alquiler Temporal San Carlos De Bariloche,Departamento,4500.0,USD,100,3
77,2021_10_25,-41.13416,-71.35564,https://departamento.mercadolibre.com.ar/MLA-1108130214-departamento-en-bariloche-vista-al-lago-jardin-y-parrilla-_JM,"Departamento En Bariloche Vista Al Lago, Jardín Y Parrilla",Departamento,18000.0,ARS,300,3
78,2021_10_25,-41.13894,-71.30485,https://departamento.mercadolibre.com.ar/MLA-1108195293-departamento-centro-c-cochera-fibra-optica-12-mb-bariloche-_JM,"Departamento Centro C Cochera, Fibra Optica 12 Mb Bariloche",Departamento,5500.0,ARS,47,2
79,2021_10_25,-41.171505,-71.4428,https://departamento.mercadolibre.com.ar/MLA-1108277987-departamentos-alquiler-temporal-san-carlos-de-bariloche-_JM,Departamentos Alquiler Temporal San Carlos De Bariloche,Departamento,2750.0,USD,50,2
80,2021_10_25,-41.160408,-71.31404,https://departamento.mercadolibre.com.ar/MLA-1108454213-alquiler-temporal-mensual-semiamoblado-dto-n-2-_JM,Alquiler Temporal Mensual Semiamoblado Dto N° 2,Departamento,35000.0,ARS,40,2
81,2021_10_25,-41.156883,-71.31777,https://departamento.mercadolibre.com.ar/MLA-1108469697-hosteria-del-cerro-barioche-1-al-8-de-enero-2022-10-pax-_JM,Hosteria Del Cerro Barioche- 1 Al 8 De Enero 2022 ( 10 Pax)),Departamento,100.0,ARS,100,4
82,2021_10_25,-41.136444,-71.322334,https://departamento.mercadolibre.com.ar/MLA-1108476099-departamento-en-el-centro-de-bariloche-_JM,Departamento En El Centro De Bariloche,Departamento,8500.0,ARS,55,2
83,2021_10_25,-41.160408,-71.31404,https://departamento.mercadolibre.com.ar/MLA-1108479024-alq-mensula-temporal-1-2-o-3-meses-dto-n1-_JM,"Alq. Mensula Temporal 1, 2 O 3 Meses Dto N°1",Departamento,35000.0,ARS,40,2
84,2021_10_25,-41.138874,-71.325386,https://departamento.mercadolibre.com.ar/MLA-1108483588-monoambiente-vista-parcial-al-lago-alquiler-turistico-_JM,Monoambiente Vista Parcial Al Lago Alquiler Turistico,Departamento,7920.0,ARS,32,1
85,2021_10_25,-41.135098,-71.289536,https://departamento.mercadolibre.com.ar/MLA-1108569049-alquiler-temporario-de-departamento-en-bariloche-2-personas-_JM,Alquiler Temporario De Departamento En Bariloche  2 Personas,Departamento,7000.0,ARS,50,2
86,2021_10_25,-41.133465,-71.30847,https://departamento.mercadolibre.com.ar/MLA-1108748448-hermoso-departamento-con-vista-en-pleno-centro-de-bariloche-_JM,Hermoso Departamento Con Vista En Pleno Centro De Bariloche,Departamento,4900.0,ARS,60,4
87,2021_10_25,-41.13353,-71.29871,https://departamento.mercadolibre.com.ar/MLA-1108834558-alquiler-turistico-en-bariloche-4-pax-_JM,Alquiler Turístico En Bariloche 4 Pax,Departamento,5500.0,ARS,70,4
88,2021_10_25,-41.075195,-71.46582,https://departamento.mercadolibre.com.ar/MLA-1108836177-apart-casa-blanca-bariloche-_JM,Apart Casa Blanca Bariloche,Departamento,30000.0,ARS,35,2
89,2021_10_25,-41.14144,-71.30602,https://departamento.mercadolibre.com.ar/MLA-1108968489-departamento-para-dos-personas-bariloche-_JM,Departamento Para Dos Personas. Bariloche,Departamento,5000.0,ARS,42,2
90,2021_10_25,-41.13123,-71.29017,https://departamento.mercadolibre.com.ar/MLA-1109047079-alquiler-temporario-de-departamento-en-bariloche-4-personas-_JM,Alquiler Temporario De Departamento En Bariloche 4 Personas,Departamento,13300.0,ARS,60,2
91,2021_10_25,-41.10749,-71.44605,https://departamento.mercadolibre.com.ar/MLA-1109059832-alquiler-temporario-de-departamento-en-bariloche-4-personas-_JM,Alquiler Temporario De Departamento En Bariloche 4 Personas,Departamento,13200.0,ARS,50,2
92,2021_10_25,-41.12616,-71.36868,https://departamento.mercadolibre.com.ar/MLA-1109126033-alquilo-excelente-bungalow-en-bariloche-_JM,Alquilo Excelente Bungalow En Bariloche,Departamento,5500.0,ARS,700,3
93,2021_10_25,-41.16942,-71.440216,https://departamento.mercadolibre.com.ar/MLA-1109313781-monoambiente-en-cerro-catedral--_JM,Monoambiente En Cerro Catedral !,Departamento,10000.0,ARS,35,1
94,2021_10_25,-41.164062,-71.36205,https://departamento.mercadolibre.com.ar/MLA-1109415228-departamento-en-alquiler-para-6-personas-en-arelauquen-_JM,"Departamento En Alquiler Para 6 Personas, En Arelauquen",Departamento,220.0,USD,130,4
95,2021_10_25,-41.167854,-71.43919,https://departamento.mercadolibre.com.ar/MLA-1109436054-bariloche-departamentos-y-cabana-en-catedral-previaje-2022-_JM,"Bariloche,  Departamentos Y Cabaña En Catedral Previaje 2022",Departamento,100.0,ARS,800,3
96,2021_10_25,-41.136494,-71.31697,https://departamento.mercadolibre.com.ar/MLA-1109503400-departamento-alquiler-temporario-bariloche-2p-vista-al-lago-_JM,Departamento Alquiler Temporario Bariloche 2p. Vista Al Lago,Departamento,3500.0,ARS,32,1
97,2021_10_25,-41.13477,-71.297966,https://departamento.mercadolibre.com.ar/MLA-1109511996-amplio-departamento-centrico-_JM,Amplio Departamento Centrico,Departamento,3000.0,ARS,113,3
98,2021_10_25,-41.13429,-71.3116,https://departamento.mercadolibre.com.ar/MLA-1109515221-dpto-en-bariloche-oportunidad-inversores-renta-asegurada-_JM,Dpto En Bariloche - Oportunidad Inversores - Renta Asegurada,Departamento,75900.0,USD,22,1
99,2021_10_25,-41.138382,-71.30486,https://departamento.mercadolibre.com.ar/MLA-1109536596-alquiler-turistico-bariloche-5-cuadras-del-centro-_JM,Alquiler Turístico Bariloche 5 Cuadras Del Centro,Departamento,10000.0,ARS,85,4
100,2021_10_25,-41.136303,-71.31324,https://departamento.mercadolibre.com.ar/MLA-1109539498-bariloche-alquilo-departamento-turistico-centrico-_JM,Bariloche Alquilo Departamento Turístico Céntrico,Departamento,8500.0,ARS,60,2
101,2021_10_25,-41.105534,-71.444,https://departamento.mercadolibre.com.ar/MLA-1109561958-departamento-2-ambientes-para-4-km12-_JM,Departamento 2 Ambientes Para 4. Km12,Departamento,6000.0,ARS,38,2
102,2021_10_25,-41.134766,-71.34409,https://departamento.mercadolibre.com.ar/MLA-1109574132-alquiler-turistico-departamento-con-vista-y-cochera-para-6-pax-_JM,"Alquiler Turístico, Departamento Con Vista Y Cochera Para  6 Pax. ",Departamento,16000.0,ARS,100,3
103,2021_10_25,-41.134148,-71.30277,https://departamento.mercadolibre.com.ar/MLA-1109574214-alquiler-turistico-centrico-con-vista-bariloche-2-pax-_JM,"Alquiler Turistico Centrico, Con Vista Bariloche 2 Pax",Departamento,6500.0,ARS,60,2
104,2021_10_25,-41.158463,-71.41617,https://departamento.mercadolibre.com.ar/MLA-1109586921-departamento-turistico-bariloche-a-5-cuadras-de-lago-gutierrez-para-4-o-6-pax-_JM,Departamento Turístico  Bariloche A 5 Cuadras De Lago Gutierrez Para 4 O 6 Pax,Departamento,7500.0,ARS,50,3
105,2021_10_25,-41.134235,-71.302635,https://departamento.mercadolibre.com.ar/MLA-1109612537-alquiler-turistico-centrico-con-vista-bariloche-4-pax-_JM,"Alquiler Turistico Centrico, Con Vista Bariloche 4 Pax",Departamento,7000.0,ARS,55,2
106,2021_10_25,-41.133842,-71.31149,https://departamento.mercadolibre.com.ar/MLA-580012427-alquiler-de-departamento-en-bariloche-por-dia-temporada-julio-agosto-2021-_JM,"Alquiler De Departamento En Bariloche Por Dia ,temporada Julio-agosto 2021",Departamento,55.0,USD,50,1
107,2021_10_25,-41.133472,-71.31028,https://departamento.mercadolibre.com.ar/MLA-616383486-alquiler-temporario-de-departamento-centro-bariloche-5-pax-_JM,Alquiler Temporario De Departamento Centro Bariloche 5 Pax,Departamento,5000.0,ARS,70,4
108,2021_10_25,-41.133472,-71.31028,https://departamento.mercadolibre.com.ar/MLA-616383488-alquiler-temporario-departamento-en-centro-bariloche-4-pax-_JM,Alquiler Temporario Departamento En Centro Bariloche 4 Pax,Departamento,5300.0,ARS,45,2
109,2021_10_25,-41.133465,-71.30847,https://departamento.mercadolibre.com.ar/MLA-616383489-alquiler-temporario-monoambiente-bariloche-centro-2-persona-_JM,Alquiler Temporario  Monoambiente Bariloche Centro 2 Persona,Departamento,4000.0,ARS,45,1
110,2021_10_25,-41.136948,-71.30182,https://departamento.mercadolibre.com.ar/MLA-616383498-alquiler-temporario-dpto-en-el-centro-de-bariloche-4-pax-_JM,Alquiler Temporario  Dpto En El Centro De Bariloche 4 Pax,Departamento,6500.0,ARS,75,3
111,2021_10_25,-41.123486,-71.367256,https://departamento.mercadolibre.com.ar/MLA-616383499-alquiler-temporario-loft-2-pax-bariloche-km-5-de-bustillo-_JM,Alquiler Temporario Loft 2 Pax Bariloche Km 5 De Bustillo,Departamento,70.0,USD,700,1
112,2021_10_25,-41.138485,-71.31687,https://departamento.mercadolibre.com.ar/MLA-616383502-alquiler-temporario-bariloche-4-personas-centro-_JM,Alquiler Temporario Bariloche 4 Personas Centro,Departamento,5500.0,ARS,50,2
113,2021_10_25,-41.135555,-71.29954,https://departamento.mercadolibre.com.ar/MLA-616383511-alquiler-temporario-departamento-en-bariloche-centro-2-pax-_JM,Alquiler Temporario Departamento En Bariloche Centro 2 Pax,Departamento,6600.0,ARS,50,2
114,2021_10_25,-41.134457,-71.31147,https://departamento.mercadolibre.com.ar/MLA-616383523-alquiler-temporario-dpto-centro-de-bariloche-4-personas-_JM,Alquiler Temporario Dpto Centro De Bariloche 4 Personas,Departamento,5000.0,ARS,70,2
115,2021_10_25,-41.13393,-71.31527,https://departamento.mercadolibre.com.ar/MLA-616383524-alquiler-temporario-dpto-bariloche-centro-2-pax-_JM,Alquiler Temporario  Dpto Bariloche Centro 2 Pax,Departamento,5750.0,ARS,50,1
116,2021_10_25,-41.134457,-71.31147,https://departamento.mercadolibre.com.ar/MLA-616383527-alquiler-temporario-dpto-bariloche-centro-45-personas-_JM,Alquiler Temporario Dpto Bariloche Centro 4/5 Personas,Departamento,6000.0,ARS,75,2
117,2021_10_25,-41.16574,-71.43847,https://casa.mercadolibre.com.ar/MLA-616383529-alquiler-temporario-departamento-en-cerro-catedral-7-pax-_JM,Alquiler Temporario  Departamento  En Cerro Catedral 7 Pax,Casa,4000.0,ARS,100,4
118,2021_10_25,-41.134457,-71.31147,https://departamento.mercadolibre.com.ar/MLA-616383530-alquiler-temporario-departamento-centro-bariloche-26-pax-_JM,Alquiler Temporario Departamento Centro Bariloche 2/6 Pax,Departamento,5000.0,ARS,50,3
119,2021_10_25,-41.138485,-71.31687,https://casa.mercadolibre.com.ar/MLA-616383531-alquiler-temporario-dpto-en-bariloche-centro-_JM,Alquiler Temporario  Dpto En Bariloche Centro,Casa,6000.0,ARS,50,2
120,2021_10_25,-41.168625,-71.43665,https://departamento.mercadolibre.com.ar/MLA-616383535-alquiler-temporario-casa-en-bariloche-cerro-catedral-57-pax-_JM,Alquiler Temporario Casa En Bariloche Cerro Catedral 5/7 Pax,Departamento,1600.0,USD,400,3
121,2021_10_25,-41.133495,-71.31021,https://departamento.mercadolibre.com.ar/MLA-616383536-alquiler-temporario-departamento-e-centro-de-bariloche-4-pax-_JM,Alquiler Temporario Departamento E Centro De Bariloche 4 Pax,Departamento,6500.0,ARS,45,2
122,2021_10_25,-41.168625,-71.43665,https://departamento.mercadolibre.com.ar/MLA-616383550-alquiler-temporario-bariloche-depto-cerro-catedral-4-pax-_JM,Alquiler Temporario Bariloche Depto Cerro Catedral 4 Pax,Departamento,1350.0,USD,400,3
123,2021_10_25,-41.134457,-71.31147,https://departamento.mercadolibre.com.ar/MLA-616383553-alquiler-temporario-departamento-4-personas-centro-bariloche-_JM,Alquiler Temporario Departamento 4 Personas Centro Bariloche,Departamento,4000.0,ARS,75,2
124,2021_10_25,-41.139427,-71.31562,https://departamento.mercadolibre.com.ar/MLA-616383554-alquiler-temporario-loft-bariloche-km-5-3-pax-_JM,Alquiler Temporario  Loft Bariloche Km 5  3 Pax,Departamento,5500.0,ARS,400,2
125,2021_10_25,-41.133465,-71.30847,https://departamento.mercadolibre.com.ar/MLA-616383555-alquiler-temporario-dpto-bariloche-centro-mitre-6-personas-_JM,Alquiler Temporario  Dpto Bariloche Centro Mitre 6 Personas,Departamento,6000.0,ARS,60,3
126,2021_10_25,-41.136982,-71.36092,https://departamento.mercadolibre.com.ar/MLA-616383567-alquiler-temporario-dpto-bariloche-centro-4-pax-_JM,Alquiler Temporario  Dpto Bariloche Centro  4 Pax,Departamento,6000.0,ARS,60,3
127,2021_10_25,-41.135555,-71.29954,https://departamento.mercadolibre.com.ar/MLA-616383574-alquiler-temporario-dpto-bariloche-centro-5-personas-_JM,Alquiler Temporario Dpto Bariloche Centro 5 Personas,Departamento,4700.0,ARS,55,2
128,2021_10_25,-41.133472,-71.31028,https://departamento.mercadolibre.com.ar/MLA-616383579-alquiler-temporario-departamento-en-centro-de-bariloche-45-_JM,Alquiler Temporario Departamento En Centro De Bariloche 4/5,Departamento,6400.0,ARS,60,3
129,2021_10_25,-41.132423,-71.32074,https://departamento.mercadolibre.com.ar/MLA-616383583-alquiler-temporario-de-departamento-centro-bariloche-4-pax-_JM,Alquiler Temporario De Departamento Centro Bariloche 4 Pax,Departamento,5300.0,ARS,50,3
130,2021_10_25,-41.133465,-71.30847,https://departamento.mercadolibre.com.ar/MLA-616383754-alquiler-temporario-dpto-en-bariloche-centro-4-personas-_JM,Alquiler Temporario  Dpto En Bariloche Centro 4 Personas,Departamento,5000.0,ARS,50,2
131,2021_10_25,-41.134808,-71.31698,https://departamento.mercadolibre.com.ar/MLA-616383766-alquiler-temporario-dpto-en-bariloche-centro-5-personas-_JM,Alquiler Temporario  Dpto En Bariloche Centro 5 Personas,Departamento,7500.0,ARS,50,2
132,2021_10_25,-41.1383,-71.31477,https://departamento.mercadolibre.com.ar/MLA-616383768-alquiler-temporario-departamento-en-centro-de-bariche-4-pax-_JM,Alquiler Temporario Departamento En Centro De  Bariche 4 Pax,Departamento,7000.0,ARS,70,3
133,2021_10_25,-41.135494,-71.30152,https://departamento.mercadolibre.com.ar/MLA-616383785-alquiler-temporario-departamento-en-bariloche-centro-4-pax-_JM,Alquiler Temporario Departamento En Bariloche  Centro 4 Pax,Departamento,5500.0,ARS,47,2
134,2021_10_25,-41.120018,-71.40104,https://departamento.mercadolibre.com.ar/MLA-618087566-alquiler-temporario-departamento-bariloche-6-personas-_JM,Alquiler Temporario  Departamento Bariloche 6 Personas,Departamento,3750.0,ARS,200,3
135,2021_10_25,-41.133247,-71.28333,https://departamento.mercadolibre.com.ar/MLA-625781652-alquiler-temporario-casa-bariloche-4-pax-pioneros-_JM,Alquiler Temporario  Casa Bariloche 4 Pax Pioneros,Departamento,7200.0,ARS,500,2
136,2021_10_25,-41.135635,-71.29998,https://departamento.mercadolibre.com.ar/MLA-639400157-alquiler-temporario-dpto-bariloche-23-pax-_JM,Alquiler Temporario  Dpto Bariloche 2/3 Pax,Departamento,5300.0,ARS,75,2
137,2021_10_25,-41.137814,-71.31498,https://departamento.mercadolibre.com.ar/MLA-639402582-alquiler-temporario-dpto-bariloche-cerca-centro-5-personas-_JM,Alquiler Temporario Dpto Bariloche Cerca Centro 5 Personas,Departamento,5700.0,ARS,50,2
138,2021_10_25,-41.13109,-71.290245,https://departamento.mercadolibre.com.ar/MLA-639404457-alquiler-temporario-depto-centro-bariloche-4-personas-_JM,Alquiler Temporario  Depto Centro Bariloche 4 Personas,Departamento,6000.0,ARS,50,2
139,2021_10_25,-41.131104,-71.29025,https://departamento.mercadolibre.com.ar/MLA-642378440-alquiler-temporario-departamento-bariloche-6-pax-cochera-_JM,Alquiler Temporario  Departamento  Bariloche 6 Pax Cochera,Departamento,7500.0,ARS,60,3
140,2021_10_25,-41.13874,-71.31271,https://departamento.mercadolibre.com.ar/MLA-658255004-alquiler-temporario-depto-bariloche-centro-4-peronas-_JM,Alquiler Temporario  Depto Bariloche Centro 4 Peronas,Departamento,4300.0,ARS,40,2
141,2021_10_25,-41.135555,-71.29954,https://departamento.mercadolibre.com.ar/MLA-660060183-alquiler-temporario-dpto-bariloche-centro-_JM,Alquiler Temporario  Dpto Bariloche Centro,Departamento,5300.0,ARS,75,2
142,2021_10_25,-41.13347,-71.30135,https://departamento.mercadolibre.com.ar/MLA-661466063-alquiler-temporario-departamento-bariloche-6-p-pleno-centro-_JM,Alquiler Temporario  Departamento Bariloche 6 P Pleno Centro,Departamento,10500.0,ARS,85,3
143,2021_10_25,-41.135483,-71.29916,https://departamento.mercadolibre.com.ar/MLA-662903837-alquiler-temporario-dpto-en-bariloche-centro-dos-dormitorios-_JM,Alquiler Temporario Dpto En Bariloche Centro Dos Dormitorios,Departamento,5000.0,ARS,60,3
144,2021_10_25,-41.133858,-71.314995,https://departamento.mercadolibre.com.ar/MLA-667602906-alquiler-temporario-dpto-bariloche-centro-4-personas-_JM,Alquiler Temporario  Dpto Bariloche Centro 4 Personas,Departamento,4500.0,ARS,75,2
145,2021_10_25,-41.131104,-71.29025,https://departamento.mercadolibre.com.ar/MLA-669282883-alquiler-temporario-dpto-en-bariloche-centro-4-personas-_JM,Alquiler Temporario Dpto En Bariloche Centro 4 Personas,Departamento,6500.0,ARS,80,2
146,2021_10_25,-41.135555,-71.29954,https://departamento.mercadolibre.com.ar/MLA-669777313-alquiler-temporario-de-dpto-en-bariloche-2-personas-centro-_JM,Alquiler Temporario De Dpto En Bariloche 2 Personas Centro,Departamento,5500.0,ARS,65,2
147,2021_10_25,-41.135635,-71.29998,https://departamento.mercadolibre.com.ar/MLA-672390556-alquiler-temporario-bariloche-departamento-centro-2-persons-_JM,Alquiler Temporario  Bariloche Departamento Centro 2 Persons,Departamento,9000.0,ARS,50,2
148,2021_10_25,-41.139427,-71.31562,https://departamento.mercadolibre.com.ar/MLA-679821957-alquiler-temporario-loft-bariloche-km-5-4-pax-_JM,Alquiler Temporario  Loft Bariloche Km 5  4 Pax,Departamento,6300.0,ARS,400,2
149,2021_10_25,-41.134712,-71.312935,https://departamento.mercadolibre.com.ar/MLA-709219051-alquiler-temporario-dpto-en-bariloche-centro-2-personas-_JM,Alquiler Temporario  Dpto. En Bariloche Centro 2 Personas,Departamento,5500.0,ARS,50,1
150,2021_10_25,-41.13463,-71.30839,https://departamento.mercadolibre.com.ar/MLA-709219160-alquiler-temporario-dpto-en-bariloche-centro-dos-dormi-_JM,Alquiler Temporario  Dpto. En Bariloche Centro Dos Dormi,Departamento,6500.0,ARS,70,3
151,2021_10_25,-41.137794,-71.3105,https://departamento.mercadolibre.com.ar/MLA-712740180-alquiler-temporario-de-departamento-en-bariloche-centro-4-p-_JM,Alquiler Temporario De Departamento En Bariloche Centro 4 P,Departamento,7000.0,ARS,60,1
152,2021_10_25,-41.139023,-71.32494,https://departamento.mercadolibre.com.ar/MLA-712975979-alquiler-temporario-de-departamento-en-bariloche-2-personas-_JM,Alquiler Temporario De Departamento En Bariloche 2 Personas,Departamento,4500.0,ARS,50,2
153,2021_10_25,-41.134884,-71.302925,https://departamento.mercadolibre.com.ar/MLA-712978491-alquiler-temporario-de-departamento-en-bariloche-3-personas-_JM,Alquiler Temporario De Departamento En Bariloche 3 Personas,Departamento,5000.0,ARS,60,1
154,2021_10_25,-41.133472,-71.31028,https://departamento.mercadolibre.com.ar/MLA-718506145-alquiler-temporario-de-departamento-en-bariloche-4-personas-_JM,Alquiler Temporario De Departamento En Bariloche 4 Personas,Departamento,5500.0,ARS,60,2
155,2021_10_25,-41.133602,-71.297966,https://departamento.mercadolibre.com.ar/MLA-718509517-alquiler-temporario-de-departamento-en-bariloche-centro-4-p-_JM,Alquiler Temporario De Departamento En Bariloche Centro 4 P,Departamento,6000.0,ARS,60,2
156,2021_10_25,-41.13601,-71.30025,https://departamento.mercadolibre.com.ar/MLA-720040498-alquiler-temporario-de-departamento-en-bariloche-centro-5-p-_JM,Alquiler Temporario De Departamento En Bariloche Centro 5 P,Departamento,4300.0,ARS,50,2
157,2021_10_25,-41.135494,-71.30152,https://departamento.mercadolibre.com.ar/MLA-725468605-alquiler-temporario-de-departamento-en-bariloche-centro-4-p-_JM,Alquiler Temporario De Departamento En Bariloche Centro 4 P,Departamento,5000.0,ARS,65,1
158,2021_10_25,-41.135555,-71.29954,https://departamento.mercadolibre.com.ar/MLA-725469520-alquiler-temporario-de-departamento-en-bariloche-centro-3-p-_JM,Alquiler Temporario De Departamento En Bariloche Centro 3 P,Departamento,5000.0,ARS,65,1
159,2021_10_25,-41.135334,-71.31474,https://departamento.mercadolibre.com.ar/MLA-725887700-alquiler-temporario-de-dpto-en-bariloche-centro-con-pileta-_JM,Alquiler Temporario De Dpto. En Bariloche Centro Con Pileta,Departamento,5300.0,ARS,60,1
160,2021_10_25,-41.124767,-71.386925,https://departamento.mercadolibre.com.ar/MLA-725895636-alquiler-temporario-de-dpto-en-bariloche-pileta-3-personas-_JM,"Alquiler Temporario De Dpto En Bariloche, Pileta, 3 Personas",Departamento,5500.0,ARS,65,1
161,2021_10_25,-41.132393,-71.29048,https://departamento.mercadolibre.com.ar/MLA-732953867-alquiler-temporario-de-departamento-en-bariloche-4-personas-_JM,Alquiler Temporario De Departamento En Bariloche 4 Personas,Departamento,5500.0,ARS,60,3
162,2021_10_25,-41.1323,-71.31161,https://departamento.mercadolibre.com.ar/MLA-732953932-alquiler-temporario-de-departamento-en-bariloche-4-personas-_JM,Alquiler Temporario De Departamento En Bariloche 4 Personas,Departamento,6500.0,ARS,50,1
163,2021_10_25,-41.170937,-71.437675,https://departamento.mercadolibre.com.ar/MLA-732954337-alquiler-temporario-de-departamento-en-cerro-4-personas-_JM,Alquiler Temporario De Departamento En Cerro 4 Personas,Departamento,120.0,ARS,50,2
164,2021_10_25,-41.135334,-71.31474,https://departamento.mercadolibre.com.ar/MLA-732954369-alquiler-temporario-de-loft-en-bariloche-centro-3-personas-_JM,Alquiler Temporario De Loft En Bariloche Centro 3 Personas,Departamento,5750.0,ARS,50,1
165,2021_10_25,-41.168625,-71.43665,https://departamento.mercadolibre.com.ar/MLA-734094470-alquiler-temporario-de-departamento-en-cerro-catedral-4-pers-_JM,Alquiler Temporario De Departamento En Cerro Catedral 4 Pers,Departamento,1000.0,USD,50,2
166,2021_10_25,-41.135803,-71.30756,https://departamento.mercadolibre.com.ar/MLA-735291988-alquiler-temporario-de-dpto-en-bariloche-pleno-centro-4-pers-_JM,Alquiler Temporario De Dpto En Bariloche Pleno Centro 4 Pers,Departamento,4000.0,ARS,50,2
167,2021_10_25,-41.139095,-71.31766,https://departamento.mercadolibre.com.ar/MLA-735312544-alquiler-temporario-de-departamento-en-bariloche-centro-_JM,Alquiler Temporario De Departamento En Bariloche Centro,Departamento,3900.0,ARS,50,2
168,2021_10_25,-41.131477,-71.33962,https://departamento.mercadolibre.com.ar/MLA-735319654-alquiler-temporario-de-departamento-bariloche-km-3-_JM,Alquiler Temporario De Departamento Bariloche Km 3,Departamento,9000.0,ARS,50,2
169,2021_10_25,-41.13336,-71.30959,https://departamento.mercadolibre.com.ar/MLA-735320860-alquiler-temporario-departamento-en-pleno-centro-bariloche-_JM,Alquiler Temporario Departamento En Pleno Centro Bariloche,Departamento,4000.0,ARS,50,2
170,2021_10_25,-41.133472,-71.31028,https://departamento.mercadolibre.com.ar/MLA-736667161-alquiler-temporario-de-departamento-bariloche-centro-_JM,Alquiler Temporario De Departamento Bariloche Centro,Departamento,5500.0,ARS,45,1
171,2021_10_25,-41.131798,-71.35567,https://departamento.mercadolibre.com.ar/MLA-737104888-alquiler-temporario-de-departamento-bariloche-7-personas-_JM,Alquiler Temporario De Departamento  Bariloche  7 Personas,Departamento,7500.0,ARS,80,3
172,2021_10_25,-41.136703,-71.311966,https://departamento.mercadolibre.com.ar/MLA-739080135-alquiler-temporario-de-departamento-en-centro-de-bariloche-_JM,Alquiler Temporario De Departamento En Centro De Bariloche,Departamento,5000.0,ARS,60,2
173,2021_10_25,-41.135334,-71.31474,https://departamento.mercadolibre.com.ar/MLA-739504300-alquiler-temporario-de-departamento-en-bariloche-4-personas-_JM,Alquiler Temporario De Departamento En Bariloche 4 Personas,Departamento,5500.0,ARS,50,1
174,2021_10_25,-41.133842,-71.31149,https://departamento.mercadolibre.com.ar/MLA-739532779-alquiler-temporario-de-departamento-en-bariloche-centro-_JM,Alquiler Temporario De Departamento En Bariloche Centro,Departamento,4100.0,ARS,50,2
175,2021_10_25,-41.13827,-71.31886,https://departamento.mercadolibre.com.ar/MLA-741910151-alquiler-temporario-de-departamento-en-centro-de-bariloche-_JM,Alquiler Temporario De Departamento En Centro De Bariloche,Departamento,4000.0,ARS,40,1
176,2021_10_25,-41.13512,-71.30379,https://departamento.mercadolibre.com.ar/MLA-743204896-alquiler-temporario-de-departamento-en-bariloche-centro-_JM,Alquiler Temporario De Departamento En Bariloche Centro,Departamento,5000.0,ARS,50,1
177,2021_10_25,-41.116398,-71.22716,https://departamento.mercadolibre.com.ar/MLA-743348453-alquiler-temporario-de-departamento-a-10-min-del-centro-_JM,Alquiler Temporario De Departamento A 10 Min Del Centro,Departamento,4500.0,ARS,80,3
178,2021_10_25,-41.13334,-71.29942,https://departamento.mercadolibre.com.ar/MLA-744298590-alquiler-temporario-de-departamento-en-bariloche-centro-_JM,Alquiler Temporario De Departamento En Bariloche Centro,Departamento,5500.0,ARS,50,3
179,2021_10_25,-41.135483,-71.29916,https://departamento.mercadolibre.com.ar/MLA-761581089-departamento-alquiler-bariloche-_JM,Departamento Alquiler Bariloche,Departamento,7000.0,ARS,40,1
180,2021_10_25,-41.133625,-71.31873,https://departamento.mercadolibre.com.ar/MLA-764052957-departamento-alquiler-turistico-bariloche-_JM,Departamento Alquiler Turístico Bariloche.,Departamento,7000.0,ARS,35,0
181,2021_10_25,-41.13757,-71.3213,https://departamento.mercadolibre.com.ar/MLA-764798759-alquiler-temporario-de-departamento-en-bariloche-3-personas-_JM,Alquiler Temporario De Departamento En Bariloche 3 Personas,Departamento,5500.0,ARS,60,1
182,2021_10_25,-41.136833,-71.298805,https://departamento.mercadolibre.com.ar/MLA-764800790-alquiler-temporario-de-departamento-en-bariloche-2-dormi-_JM,Alquiler Temporario De Departamento En Bariloche 2 Dormi,Departamento,6000.0,ARS,60,3
183,2021_10_25,-41.13093,-71.289215,https://departamento.mercadolibre.com.ar/MLA-764801269-alquiler-temporario-de-departamento-en-bariloche-4-personas-_JM,Alquiler Temporario De Departamento En Bariloche 4 Personas,Departamento,5500.0,ARS,60,3
184,2021_10_25,-41.131634,-71.35921,https://departamento.mercadolibre.com.ar/MLA-765534451-alquiler-temporario-de-bungalow-2-personas-_JM,Alquiler Temporario De Bungalow 2 Personas,Departamento,3100.0,ARS,40,1
185,2021_10_25,-41.136703,-71.311966,https://departamento.mercadolibre.com.ar/MLA-766885416-alquiler-temporario-de-departamento-en-bariloche-centro-_JM,Alquiler Temporario De Departamento En Bariloche Centro,Departamento,5000.0,ARS,60,2
186,2021_10_25,-41.134495,-71.30426,https://departamento.mercadolibre.com.ar/MLA-772816269-alquiler-temporario-de-departamento-en-centro-4-personas-_JM,Alquiler Temporario De Departamento En Centro 4 Personas,Departamento,9000.0,ARS,60,2
187,2021_10_25,-41.066975,-71.454285,https://departamento.mercadolibre.com.ar/MLA-781520400-bungalows-alquiler-turistico-en-bariloche--_JM,Bungalows Alquiler Turístico En Bariloche-,Departamento,10400.0,ARS,40,2
188,2021_10_25,-41.134144,-71.302536,https://departamento.mercadolibre.com.ar/MLA-782731355-alquiler-de-habitacion-doble-con-bano-centro-bariloche-_JM,Alquiler De Habitacion Doble Con Baño Centro Bariloche,Departamento,75.0,USD,50,1
189,2021_10_25,-41.121254,-71.37657,https://departamento.mercadolibre.com.ar/MLA-782938450-alquiler-temporario-de-departamento-en-bariloche-5-personas-_JM,Alquiler Temporario De Departamento En Bariloche 5 Personas,Departamento,4000.0,ARS,60,3
190,2021_10_25,-41.135555,-71.29954,https://departamento.mercadolibre.com.ar/MLA-782997962-alquiler-temporario-monoambiente-bariloche-2-personas-centro-_JM,Alquiler Temporario Monoambiente Bariloche 2 Personas Centro,Departamento,5200.0,ARS,40,1
191,2021_10_25,-41.172184,-71.437355,https://departamento.mercadolibre.com.ar/MLA-783527821-alquiler-temporario-departamento-cerro-catedral-6-personas-_JM,Alquiler Temporario Departamento Cerro Catedral 6 Personas,Departamento,1300.0,USD,50,2
192,2021_10_25,-41.139088,-71.31751,https://departamento.mercadolibre.com.ar/MLA-783836983-departamento-alquiler-bariloche-_JM,Departamento Alquiler Bariloche,Departamento,7920.0,ARS,32,1
193,2021_10_25,-41.13356,-71.307816,https://departamento.mercadolibre.com.ar/MLA-784039356-alquiler-temporario-dpto-bariloche-centro-4-personas-_JM,Alquiler Temporario Dpto Bariloche Centro 4 Personas,Departamento,6000.0,ARS,50,3
194,2021_10_25,-41.134144,-71.302536,https://departamento.mercadolibre.com.ar/MLA-784082852-alquiler-temporario-habitacion-doble-en-pleno-centro-_JM,Alquiler Temporario Habitación Doble En Pleno Centro,Departamento,65.0,USD,25,1
195,2021_10_25,-41.132935,-71.30577,https://departamento.mercadolibre.com.ar/MLA-784082894-alquiler-temporario-de-departamento-en-bariloche-centro-_JM,Alquiler Temporario De Departamento En Bariloche Centro,Departamento,7000.0,ARS,45,3
196,2021_10_25,-41.12327,-71.36264,https://departamento.mercadolibre.com.ar/MLA-785157246-alquiler-temporario-de-departamento-en-bariloche-2-personas-_JM,Alquiler Temporario De Departamento En Bariloche 2 Personas,Departamento,3000.0,ARS,40,2
197,2021_10_25,-41.12327,-71.36264,https://departamento.mercadolibre.com.ar/MLA-786819655-alquiler-temporario-de-departamento-en-bariloche-4-personas-_JM,Alquiler Temporario De Departamento En Bariloche 4 Personas,Departamento,4000.0,ARS,40,2
198,2021_10_25,-41.134113,-71.321434,https://departamento.mercadolibre.com.ar/MLA-787699639-alquiler-temporario-de-departamento-en-bariloche-4-personas-_JM,Alquiler Temporario De Departamento En Bariloche 4 Personas,Departamento,5500.0,ARS,40,2
199,2021_10_25,-41.13383,-71.30769,https://departamento.mercadolibre.com.ar/MLA-793484231-alquiler-temporario-de-departamento-bariloche-5-personas-_JM,Alquiler Temporario De Departamento  Bariloche 5 Personas,Departamento,6100.0,ARS,50,3
200,2021_10_25,-41.13456,-71.29979,https://departamento.mercadolibre.com.ar/MLA-795116971-alquiler-temporario-de-departamento-en-bariloche-4-personas-_JM,Alquiler Temporario De Departamento En Bariloche 4 Personas,Departamento,5100.0,ARS,40,3
201,2021_10_25,-41.13057,-71.28988,https://departamento.mercadolibre.com.ar/MLA-795533338-alquiler-departamento-bariloche-4-personas-centro-yesica-_JM,Alquiler Departamento Bariloche 4 Personas Centro Yesica,Departamento,5000.0,ARS,50,2
202,2021_10_25,-41.135498,-71.301476,https://departamento.mercadolibre.com.ar/MLA-806972557-alquiler-departamento-bariloche-2-personas-pleno-centro-_JM,Alquiler Departamento Bariloche 2 Personas Pleno Centro,Departamento,6800.0,ARS,50,1
203,2021_10_25,-41.133495,-71.31021,https://departamento.mercadolibre.com.ar/MLA-808611927-alquiler-temporario-de-departamento-en-bariloche-4-personas-_JM,Alquiler Temporario De Departamento En Bariloche 4 Personas,Departamento,5500.0,ARS,50,1
204,2021_10_25,-41.134373,-71.301285,https://departamento.mercadolibre.com.ar/MLA-811784059-alquiler-temporario-departamento-centro-bariloche-2-personas-_JM,Alquiler Temporario Departamento Centro Bariloche 2 Personas,Departamento,4000.0,ARS,50,2
205,2021_10_25,-41.133842,-71.31149,https://departamento.mercadolibre.com.ar/MLA-813467630-interesante-depto-uso-alquiler-turistico-bariloche-center-_JM,Interesante Depto. Uso Alquiler Turístico Bariloche Center,Departamento,70000.0,USD,21.5,1
206,2021_10_25,-41.13773,-71.31273,https://departamento.mercadolibre.com.ar/MLA-829669063-alquiler-monoambiente-bariloche-4-personas-_JM,Alquiler Monoambiente  Bariloche 4 Personas,Departamento,5000.0,ARS,40,1
207,2021_10_25,-41.138004,-71.314995,https://departamento.mercadolibre.com.ar/MLA-829817033-alquiler-temporario-mono-ambiente-en-bariloche-4-personas-_JM,Alquiler Temporario Mono Ambiente En Bariloche 4 Personas,Departamento,4500.0,ARS,40,1
208,2021_10_25,-41.133472,-71.31028,https://departamento.mercadolibre.com.ar/MLA-832757074-alquiler-temporario-de-mono-ambiente-en-bariloche-4-personas-_JM,Alquiler Temporario De Mono Ambiente En Bariloche 4 Personas,Departamento,4000.0,ARS,40,1
209,2021_10_25,-41.133472,-71.31028,https://departamento.mercadolibre.com.ar/MLA-834319850-alquiler-temporario-de-departamento-en-bariloche-4-personas-_JM,Alquiler Temporario De Departamento En Bariloche 4 Personas,Departamento,5600.0,ARS,50,3
210,2021_10_25,-41.13383,-71.30769,https://departamento.mercadolibre.com.ar/MLA-838737315-alquiler-departamento-bariloche-6-personas-centro-_JM,Alquiler Departamento Bariloche 6 Personas Centro,Departamento,9000.0,ARS,40,3
211,2021_10_25,-41.137356,-71.31464,https://departamento.mercadolibre.com.ar/MLA-840380989-alquiler-temporario-de-departamento-en-bariloche-4-personas-_JM,Alquiler Temporario De Departamento En Bariloche 4 Personas,Departamento,4000.0,ARS,50,3
212,2021_10_25,-41.129276,-71.34988,https://departamento.mercadolibre.com.ar/MLA-840595561-departamento-turistico-bariloche--_JM,Departamento Turistico Bariloche-,Departamento,13900.0,ARS,29,1
213,2021_10_25,-41.129276,-71.34988,https://departamento.mercadolibre.com.ar/MLA-840596192-duplex-alquiler-turistico-bariloche--_JM,Duplex Alquiler Turistico Bariloche-,Departamento,16900.0,ARS,46,2
214,2021_10_25,-41.133305,-71.30068,https://departamento.mercadolibre.com.ar/MLA-842033879-alquiler-temporario-de-departamento-en-bariloche-2-personas-_JM,Alquiler Temporario De Departamento En Bariloche 2 Personas,Departamento,5000.0,ARS,40,1
215,2021_10_25,-41.13057,-71.28988,https://departamento.mercadolibre.com.ar/MLA-870405776-alquiler-barilloche-a-orillas-del-nahuel-huapi-raices-_JM,Alquiler  Barilloche A Orillas Del Nahuel Huapi - Raices,Departamento,7000.0,ARS,60,2
216,2021_10_25,-41.13862,-71.316696,https://departamento.mercadolibre.com.ar/MLA-880052148-venta-departamento-en-pozo-ideal-renta-_JM,Venta Departamento En Pozo. Ideal Renta ,Departamento,132952.0,USD,54,3
217,2021_10_25,-41.135483,-71.29916,https://departamento.mercadolibre.com.ar/MLA-884384388-previaje-alquiler-turistico-con-vista-al-lago-bariloche-_JM,Previaje! Alquiler Turistico Con Vista Al Lago - Bariloche,Departamento,65.0,ARS,32,1
218,2021_10_25,-41.13537,-71.31757,https://departamento.mercadolibre.com.ar/MLA-885335097-alquiler-turistico-bariloche-5-cuadras-del-centro-_JM,Alquiler Turístico Bariloche 5 Cuadras Del Centro,Departamento,5500.0,ARS,50,2
219,2021_10_25,-41.132984,-71.304276,https://departamento.mercadolibre.com.ar/MLA-885960366-dpto-vista-huapi-de-dos-dormitorioscocherapara-4-pax-_JM,"Dpto. Vista Huapi De Dos Dormitorios,cochera,para  4 Pax",Departamento,8000.0,ARS,64,3
220,2021_10_25,-41.135483,-71.29916,https://departamento.mercadolibre.com.ar/MLA-886650844-alquiler-en-bariloche-monoambiente-vista-al-lago-_JM,Alquiler En Bariloche. Monoambiente Vista Al Lago.,Departamento,4500.0,ARS,36,1
221,2021_10_25,-41.12133,-71.39693,https://departamento.mercadolibre.com.ar/MLA-886755464-departamento-cabana-bariloche-consulte-invierno-2021-_JM,Departamento / Cabaña / Bariloche / Consulte Invierno 2021!,Departamento,8100.0,ARS,4000,3
222,2021_10_25,-41.138336,-71.316734,https://departamento.mercadolibre.com.ar/MLA-898318710-monoambiente-barrio-belgrano-a-6-cuadras-del-centro-civico-_JM,Monoambiente. Barrio Belgrano A 6 Cuadras Del Centro Cívico.,Departamento,5000.0,ARS,30,1
223,2021_10_25,-41.135555,-71.29954,https://departamento.mercadolibre.com.ar/MLA-898475501-alquiler-departamento-en-bariloche-turistico-_JM,Alquiler Departamento En Bariloche. Turístico.,Departamento,8000.0,ARS,46,2
224,2021_10_25,-41.16236,-71.43998,https://departamento.mercadolibre.com.ar/MLA-898498110-departamento-5-y-7-pax-cerro-catedral-bariloche-veran0-2022-_JM,Departamento 5 Y 7 Pax Cerro Catedral Bariloche Veran0 2022,Departamento,10000.0,ARS,60,2
225,2021_10_25,-41.16236,-71.43998,https://departamento.mercadolibre.com.ar/MLA-898500152-departamento-5-pax-bariloche-cerro-catedral-verano-2022-_JM,Departamento 5 Pax - Bariloche - Cerro Catedral Verano 2022,Departamento,9500.0,ARS,116,3
226,2021_10_25,-41.085636,-71.18518,https://departamento.mercadolibre.com.ar/MLA-898521050-departamento-alquiler-temporal-cipres-villa-huapi-bariloche-_JM,Departamento Alquiler Temporal Ciprés Villa Huapi Bariloche,Departamento,5000.0,ARS,68,2
227,2021_10_25,-41.103077,-71.19771,https://departamento.mercadolibre.com.ar/MLA-898610076-cabana-en-bariloche-con-costa-al-lago-nahuel-huapi-turismo-_JM,Cabaña En Bariloche Con Costa Al Lago Nahuel Huapi (turismo),Departamento,5000.0,ARS,60,3
228,2021_10_25,-41.138382,-71.30486,https://departamento.mercadolibre.com.ar/MLA-898647545-lindo-departamento-con-balcon-vista-al-lago-bariloche-centro-_JM,Lindo Departamento Con Balcón Vista Al Lago Bariloche Centro,Departamento,6000.0,ARS,46,2
229,2021_10_25,-41.17095,-71.43864,https://departamento.mercadolibre.com.ar/MLA-899155380-depto-bariloche-base-cerro-catedral-6-pax-_JM,"Depto. Bariloche, Base Cerro Catedral 6 Pax ",Departamento,5800.0,ARS,70,3
230,2021_10_25,-41.121147,-71.37618,https://departamento.mercadolibre.com.ar/MLA-899512455-duplex-el-manantial-alquiler-temporal-bariloche-_JM,Duplex El Manantial Alquiler Temporal Bariloche,Departamento,5000.0,ARS,90,2
231,2021_10_25,-41.13467,-71.31695,https://departamento.mercadolibre.com.ar/MLA-900046870-bariloche-hermoso-departamento-con-vista-al-lago--_JM,Bariloche!!! Hermoso Departamento Con Vista Al Lago !,Departamento,45000.0,ARS,30,1
232,2021_10_25,-41.135174,-71.287224,https://departamento.mercadolibre.com.ar/MLA-900091544-departamento-en-bariloche-_JM,Departamento En Bariloche,Departamento,3190.0,ARS,70,3
233,2021_10_25,-41.134254,-71.31908,https://departamento.mercadolibre.com.ar/MLA-900279489-alquiler-temporario-departamento-en-bariloche-4-personas-_JM,Alquiler Temporario Departamento En Bariloche  4 Personas,Departamento,6000.0,ARS,70,2
234,2021_10_25,-41.133495,-71.3085,https://departamento.mercadolibre.com.ar/MLA-900284610-vista-unica-excelente-ubicacion-pleno-centro-_JM,"Vista Unica! Excelente Ubicación , Pleno Centro!",Departamento,6000.0,ARS,39,2
235,2021_10_25,-41.171543,-71.43819,https://inmueble.mercadolibre.com.ar/MLA-900809275-departamento-con-impresionante-vista-al-cerro-catedral-_JM,Departamento Con Impresionante Vista Al Cerro Catedral,Otro inmueble,65.0,ARS,70,
236,2021_10_25,-41.109333,-71.424805,https://departamento.mercadolibre.com.ar/MLA-900955295-cabanas-bariloche-vista-al-lago-n-huapi--_JM,Cabañas - Bariloche - Vista Al Lago N. Huapi !!!,Departamento,2500.0,ARS,897,2
237,2021_10_25,-41.13556,-71.29947,https://departamento.mercadolibre.com.ar/MLA-901220325-alquiler-temporario-de-departamento-en-bariloche-4-personas-_JM,Alquiler Temporario De Departamento En Bariloche 4 Personas,Departamento,7000.0,ARS,50,2
238,2021_10_25,-41.135975,-71.31511,https://departamento.mercadolibre.com.ar/MLA-901245589-departamento-bariloche-_JM,Departamento - Bariloche,Departamento,50.0,USD,0,1
239,2021_10_25,-41.134827,-71.31934,https://departamento.mercadolibre.com.ar/MLA-901365743-departamento-cabana-en-bariloche-tarifas-2021-_JM,Departamento / Cabaña En Bariloche / Tarifas 2021,Departamento,3500.0,ARS,50,2
240,2021_10_25,-41.133858,-71.314995,https://departamento.mercadolibre.com.ar/MLA-901499253-alquiler-temporal-departamento-monoambiente-bariloche-centro-_JM,Alquiler Temporal Departamento Monoambiente Bariloche Centro,Departamento,4000.0,ARS,36,1
241,2021_10_25,-41.134586,-71.3114,https://departamento.mercadolibre.com.ar/MLA-901934860-best-home-bariloche-con-vista-lago-y-centrico-_JM,Best Home Bariloche Con Vista Lago Y Centrico,Departamento,4690.0,ARS,35,1
242,2021_10_25,-41.133858,-71.314995,https://departamento.mercadolibre.com.ar/MLA-901954303-espectacular-studio-para-3-centro-bariloche-vista-lago-_JM,Espectacular Studio Para 3 Centro Bariloche Vista Lago,Departamento,4920.0,ARS,30,1
243,2021_10_25,-41.13293,-71.304436,https://departamento.mercadolibre.com.ar/MLA-902064321-bariloche-departamento-centro-alojamiento-cabana-reserv-flex-_JM,Bariloche Departamento Centro Alojamiento Cabaña Reserv Flex,Departamento,2600.0,ARS,30,1
244,2021_10_25,-41.132492,-71.31935,https://departamento.mercadolibre.com.ar/MLA-902159109-best-home-bariloche-2-vista-acceso-al-lago--_JM,Best Home Bariloche 2  * Vista - Acceso Al Lago *,Departamento,5990.0,ARS,38,1
245,2021_10_25,-41.133858,-71.314995,https://departamento.mercadolibre.com.ar/MLA-902246937-monoambiente-centrico-bariloche-_JM,Monoambiente Centrico Bariloche,Departamento,4500.0,ARS,27,1
246,2021_10_25,-41.060352,-71.47259,https://departamento.mercadolibre.com.ar/MLA-902340389-balcon-panoramico-al-lago-pura-esencia-bariloche-v-_JM,"Balcón Panorámico Al Lago, Pura Esencia Bariloche V",Departamento,14000.0,ARS,58,2
247,2021_10_25,-41.075237,-71.17433,https://casa.mercadolibre.com.ar/MLA-902380951-departamento-en-alquiler-dina-huapi-bariloche-_JM,Departamento En Alquiler Dina Huapi - Bariloche,Casa,6000.0,ARS,70,4
248,2021_10_25,-41.13809,-71.304955,https://departamento.mercadolibre.com.ar/MLA-902413339-alquilo-departamento-en-bariloche-centro-para-6-pax-_JM,Alquilo Departamento En Bariloche Centro Para 6 Pax,Departamento,5500.0,ARS,90,4
249,2021_10_25,-41.133884,-71.31537,https://departamento.mercadolibre.com.ar/MLA-902499369-nuevo-loft-de-45m-av-san-martin-inmejorable-ubicacion-4pax-_JM,"Nuevo Loft De 45m Av. San Martín, Inmejorable Ubicación 4pax",Departamento,5300.0,ARS,45,2
250,2021_10_25,-41.139343,-71.30956,https://departamento.mercadolibre.com.ar/MLA-902650924-departamento-alquiler-temporal-en-bariloche-_JM,Departamento Alquiler Temporal En Bariloche.,Departamento,5000.0,ARS,42,2
251,2021_10_25,-41.168507,-71.4024,https://departamento.mercadolibre.com.ar/MLA-902696154-departamento-arelauquen-golf-country-club-_JM,Departamento - Arelauquen Golf & Country Club,Departamento,200.0,USD,0,3
252,2021_10_25,-41.133656,-71.316216,https://departamento.mercadolibre.com.ar/MLA-902700926-departamento-estudio-en-el-centro-de-bariloche-_JM,Departamento Estudio En El Centro De Bariloche,Departamento,3000.0,ARS,27,1
253,2021_10_25,-41.13372,-71.316,https://departamento.mercadolibre.com.ar/MLA-903451640-departamento-centro-en-el-mejor-lugar-de-bariloche-_JM,Departamento Centro En El Mejor Lugar De Bariloche,Departamento,6900.0,ARS,30,1
254,2021_10_25,-41.134586,-71.3114,https://departamento.mercadolibre.com.ar/MLA-903601768-alquiler-temporario-de-departamento-en-bariloche-4-personas-_JM,Alquiler Temporario De Departamento En Bariloche 4 Personas,Departamento,5500.0,ARS,50,1
255,2021_10_25,-41.16953,-71.43849,https://departamento.mercadolibre.com.ar/MLA-903647987-cerro-catedral-alojamiento-en-la-base-_JM,Cerro Catedral Alojamiento En La Base,Departamento,10000.0,ARS,50,3
256,2021_10_25,-41.133472,-71.31028,https://departamento.mercadolibre.com.ar/MLA-903729315-departamento-centro-civico-_JM,Departamento Centro Cívico,Departamento,4900.0,ARS,67,2
257,2021_10_25,-41.127438,-71.351845,https://departamento.mercadolibre.com.ar/MLA-903792593-departamento-turistico-en-bariloche-las-liebres-_JM,Departamento Turístico En Bariloche - Las Liebres,Departamento,50.0,ARS,30,1
258,2021_10_25,-41.133465,-71.30847,https://departamento.mercadolibre.com.ar/MLA-903992275-hermoso-departamento-con-vista-en-pleno-centro-de-bariloche-_JM,Hermoso Departamento Con Vista En Pleno Centro De Bariloche,Departamento,4900.0,ARS,60,4
259,2021_10_25,-41.127155,-71.3957,https://departamento.mercadolibre.com.ar/MLA-904512650-bariloche-cabana-ruca-widni-alquiler-temporario-_JM,"Bariloche Cabaña Ruca Widni, Alquiler Temporario",Departamento,4500.0,ARS,250,3
260,2021_10_25,-41.13418,-71.35239,https://departamento.mercadolibre.com.ar/MLA-904537823-el-sauce-studio-4pax-parrilla-parking-y-wifi-turistico-_JM,"El Sauce Studio (4pax, Parrilla, Parking Y Wifi) - Turistico",Departamento,50.0,ARS,35,1
261,2021_10_25,-41.083,-71.18275,https://departamento.mercadolibre.com.ar/MLA-904563374-alquiler-temporario-4-pers-2-ambientes-villa-huapi-bariloche-_JM,Alquiler Temporario 4 Pers 2 Ambientes Villa Huapi Bariloche,Departamento,12800.0,ARS,62,2
262,2021_10_25,-41.133858,-71.314995,https://departamento.mercadolibre.com.ar/MLA-904597652-departamento-temporal-en-bariloche-terraza-al-lago-_JM,Departamento Temporal En Bariloche Terraza Al Lago,Departamento,5000.0,ARS,45,1
263,2021_10_25,-41.169773,-71.43935,https://departamento.mercadolibre.com.ar/MLA-905429227-departamento-para-4-personas-en-bariloche-villa-catedral-_JM,"Departamento Para 4 Personas En Bariloche, Villa Catedral",Departamento,3600.0,ARS,31,1
264,2021_10_25,-41.168427,-71.43824,https://departamento.mercadolibre.com.ar/MLA-905898502-departamentos-60-mts-45-pax-frente-cerro-catedral-bariloche-_JM,Departamentos 60 Mts 4/5 Pax Frente Cerro Catedral Bariloche,Departamento,8000.0,ARS,1500,2
265,2021_10_25,-41.1197,-71.24249,https://departamento.mercadolibre.com.ar/MLA-905904565-bariloche-amplio-monoambiente-a-6km-del-centro-_JM,"Bariloche. Amplio Monoambiente , A 6km Del Centro",Departamento,3500.0,ARS,1000,1
266,2021_10_25,-41.134586,-71.3114,https://departamento.mercadolibre.com.ar/MLA-906222312-departamento-vista-al-lago-alquiler-turismo-en-bariloche-_JM,Departamento Vista Al Lago Alquiler Turismo  En Bariloche,Departamento,10000.0,ARS,50,2
267,2021_10_25,-41.136703,-71.311966,https://departamento.mercadolibre.com.ar/MLA-906269537-departamento-bariloche-_JM,Departamento - Bariloche,Departamento,60.0,USD,0,2
268,2021_10_25,-41.130844,-71.28985,https://departamento.mercadolibre.com.ar/MLA-906888645-departamento-en-alquiler-temporariovalor-u-80-por-dia-_JM,"Departamento En Alquiler Temporario,valor U$ 80 Por Dia",Departamento,80.0,USD,55,2
269,2021_10_25,-41.13809,-71.30595,https://departamento.mercadolibre.com.ar/MLA-906910357-departamento-en-alquiler-temporario-en-bariloche-_JM,Departamento En Alquiler Temporario En Bariloche,Departamento,9000.0,ARS,45,2
270,2021_10_25,-41.168835,-71.43958,https://casa.mercadolibre.com.ar/MLA-907240949-departamento-ubicado-a-150-mt-de-la-base-del-cerro-catedral-_JM,Departamento Ubicado A 150 Mt De La Base Del Cerro Catedral,Casa,1000.0,USD,500,0
271,2021_10_25,-41.137432,-71.30192,https://departamento.mercadolibre.com.ar/MLA-907530996-departamento-centrico-muy-luminoso-_JM,Departamento Centrico Muy Luminoso,Departamento,3000.0,ARS,20,1
272,2021_10_25,-41.123108,-71.36454,https://departamento.mercadolibre.com.ar/MLA-908045938-bariloche-alquiler-departamento-nuevo-en-complejo-privado-_JM,Bariloche Alquiler Departamento Nuevo En Complejo Privado,Departamento,9000.0,ARS,42,1
273,2021_10_25,-41.16821,-71.43593,https://departamento.mercadolibre.com.ar/MLA-908164853-depto-duplex-en-cerro-catedral-bariloche-hasta-5-personas-_JM,"Depto / Dúplex En Cerro Catedral, Bariloche Hasta 5 Personas",Departamento,6500.0,ARS,900,3
274,2021_10_25,-41.152737,-71.29603,https://inmueble.mercadolibre.com.ar/MLA-908964933-alquilo-en-hosteria-del-cerro-apartamento-para-10-personas-_JM,Alquilo En Hostería Del Cerro Apartamento Para 10 Personas,Tiempo compartido,1500.0,USD,80,3
275,2021_10_25,-41.131428,-71.26229,https://departamento.mercadolibre.com.ar/MLA-909221646-alojamiento-con-vista-al-lago-la-florida-05-bariloche-_JM,"Alojamiento Con Vista Al Lago, La Florida 05 Bariloche",Departamento,12000.0,ARS,57,3
276,2021_10_25,-41.10347,-71.43962,https://departamento.mercadolibre.com.ar/MLA-910335573-cabana-bariloche-lemuhue-lalo-_JM,Cabaña Bariloche Lemuhue Lalo,Departamento,6900.0,ARS,2400,3
277,2021_10_25,-41.172394,-71.39232,https://departamento.mercadolibre.com.ar/MLA-910748548-arelauquen-departamento-3-cuartos-y-3-banos-vistas-unicas-_JM,Arelauquen -departamento 3 Cuartos Y 3 Baños - Vistas Únicas,Departamento,16000.0,ARS,150,4
278,2021_10_25,-41.134228,-71.302635,https://departamento.mercadolibre.com.ar/MLA-911045792-departamento-centrico-bariloche-garage-vista-al-lago-_JM,Departamento  Centrico Bariloche + Garage + Vista Al Lago ,Departamento,6000.0,ARS,52,2
279,2021_10_25,-41.13547,-71.314285,https://departamento.mercadolibre.com.ar/MLA-911080299-departamento-alquiler-turismo-en-bariloche-con-vista-al-lago-_JM,Departamento Alquiler Turismo En Bariloche Con Vista Al Lago,Departamento,7000.0,ARS,88,2
280,2021_10_25,-41.13547,-71.29047,https://departamento.mercadolibre.com.ar/MLA-912038248-bariloche-departamento-turistico-4-personas-centrico-_JM,"Bariloche, Departamento Turístico 4 Personas, Céntrico",Departamento,6200.0,ARS,47,2
281,2021_10_25,-41.13423,-71.307106,https://departamento.mercadolibre.com.ar/MLA-912943837-bariloche-departamento-centro-reservaflexible-cabana-aloja-_JM,Bariloche Departamento Centro Reserva.flexible Cabaña Aloja,Departamento,2500.0,ARS,25,1
282,2021_10_25,-41.164852,-71.364365,https://departamento.mercadolibre.com.ar/MLA-913507390-suite-3-arelauquen-_JM,Suite 3 Arelauquen,Departamento,200.0,USD,186,3
283,2021_10_25,-41.135742,-71.31438,https://departamento.mercadolibre.com.ar/MLA-913702738-pequeno-monoambiente-con-excelente-ubicacion-_JM,Pequeño Monoambiente Con Excelente Ubicación ,Departamento,3500.0,ARS,330,1
284,2021_10_25,-41.179432,-71.37642,https://departamento.mercadolibre.com.ar/MLA-914111571-arelauquen-golf-country-club-en-la-patagonia-argentina-e-_JM,Arelauquen Golf& Country Club En La Patagonia Argentina -  E,Departamento,150.0,USD,100,3
285,2021_10_25,-41.179432,-71.37642,https://departamento.mercadolibre.com.ar/MLA-914112746-arelauquen-golf-country-club-29-piso-arrayan-n7-_JM,"Arelauquen Golf & Country Club 29, Piso Arrayan N°7",Departamento,300.0,USD,120,4
286,2021_10_25,-41.179432,-71.37642,https://departamento.mercadolibre.com.ar/MLA-914115148-arelauquen-golf-counry-club-terrazas-del-polo-arrayan-n-_JM,Arelauquen Golf & Counry Club -terrazas Del Polo Arrayan N° ,Departamento,250.0,USD,120,4
287,2021_10_25,-41.085426,-71.18661,https://departamento.mercadolibre.com.ar/MLA-914125972-bariloche-departamento-en-barrio-cerrado-con-costa-de-lago-_JM,Bariloche. Departamento En Barrio Cerrado Con Costa De Lago ,Departamento,6000.0,ARS,52,1
288,2021_10_25,-41.12708,-71.35739,https://departamento.mercadolibre.com.ar/MLA-914649735-cabana-depto-octubre-por-persona-2500-2-a-5-per-_JM,Cabaña / Depto Octubre Por Persona $2500 / 2 A 5 Per,Departamento,2500.0,ARS,400,2
289,2021_10_25,-41.17149,-71.39191,https://departamento.mercadolibre.com.ar/MLA-917528699-arelauquen-golf-country-club-suite-polo-ii-overo--_JM,"Arelauquen Golf & Country Club , Suite Polo Ii ( Overo )",Departamento,170.0,USD,7000,05
290,2021_10_25,-41.135273,-71.301506,https://departamento.mercadolibre.com.ar/MLA-918654457-alquiler-vacacional-departamento-centrico-san-carlos-de-bariloche-rio-negro-_JM,Alquiler Vacacional - Departamento Céntrico - San Carlos De Bariloche - Rio Negro,Departamento,5000.0,ARS,0,1
291,2021_10_25,-41.135998,-71.31235,https://departamento.mercadolibre.com.ar/MLA-919867718-alquiler-departamento-en-bariloche-turistico-_JM,Alquiler Departamento En Bariloche Turístico  ,Departamento,3500.0,ARS,30,1
292,2021_10_25,-41.171543,-71.43819,https://departamento.mercadolibre.com.ar/MLA-920560838-departamento-de-categoria-premium-cerro-catedral-bariloche-_JM,Departamento De Categoría Premium Cerro Catedral Bariloche,Departamento,10000.0,ARS,110,3
293,2021_10_25,-41.134766,-71.34409,https://departamento.mercadolibre.com.ar/MLA-921169429-alojamiento-bariloche-_JM,Alojamiento Bariloche,Departamento,20.0,USD,50,3
294,2021_10_25,-41.166874,-71.43856,https://departamento.mercadolibre.com.ar/MLA-921181876-alojamiento-en-cerro-catedral-bariloche-_JM,Alojamiento En Cerro Catedral Bariloche,Departamento,50.0,USD,60,2
295,2021_10_25,-41.133385,-71.31124,https://departamento.mercadolibre.com.ar/MLA-921331991-comodo-monoambiente-a-pasos-del-centro-civico-_JM,Cómodo Monoambiente A Pasos Del Centro Cívico,Departamento,10000.0,ARS,30,1
296,2021_10_25,-41.133858,-71.314995,https://departamento.mercadolibre.com.ar/MLA-922025107-departamento-de-alquiler-temporal-_JM,Departamento De Alquiler Temporal,Departamento,5000.0,ARS,90,3
297,2021_10_25,-41.06108,-71.47198,https://departamento.mercadolibre.com.ar/MLA-922509142-departamento-panoramico-terraza-vista-lago-nahuel-huapi-a-_JM,Departamento Panoramico - Terraza Vista Lago Nahuel Huapi A,Departamento,7500.0,ARS,65,2
298,2021_10_25,-41.13431,-71.31281,https://departamento.mercadolibre.com.ar/MLA-923245600-bariloche-departamento-centro-28000-la-semana-ccochera-_JM,Bariloche Departamento Centro $ 28000 La Semana C/cochera.,Departamento,4500.0,ARS,60,1
299,2021_10_25,-41.135033,-71.29607,https://departamento.mercadolibre.com.ar/MLA-924462330-super-centrico-y-con-espectacular-vista-al-lago-_JM,Super Céntrico Y Con Espectacular Vista Al Lago,Departamento,4500.0,ARS,45,2
300,2021_10_25,-41.128593,-71.35246,https://casa.mercadolibre.com.ar/MLA-924976798-calida-cabana-y-departamento-en-melipal-bariloche-_JM,"Cálida Cabaña  Y Departamento En Melipal, Bariloche",Casa,8000.0,ARS,500,3
301,2021_10_25,-41.083332,-71.49722,https://departamento.mercadolibre.com.ar/MLA-925081758-departamentos-turismo-2-amb-cerca-de-lago-moreno-bariloche-_JM,Departamentos Turismo 2 Amb. Cerca De Lago Moreno Bariloche,Departamento,6000.0,ARS,55,2
302,2021_10_25,-41.137733,-71.31961,https://departamento.mercadolibre.com.ar/MLA-925589716-departamento-en-avenida-pioneros-_JM,Departamento En Avenida Pioneros,Departamento,4400.0,ARS,45,1
303,2021_10_25,-41.168907,-71.439445,https://departamento.mercadolibre.com.ar/MLA-925694851-cabana-duplex-cerro-catedral-bariloche-_JM,"Cabaña Duplex , Cerro Catedral Bariloche",Departamento,6000.0,ARS,110,4
304,2021_10_25,-41.169003,-71.4363,https://departamento.mercadolibre.com.ar/MLA-925715301-mil-50-complejo-departamentos-en-la-base-del-cerro-catedral-_JM,Mil 50 Complejo  Departamentos En La Base Del Cerro Catedral,Departamento,100.0,USD,110,6
305,2021_10_25,-41.14186,-71.302574,https://departamento.mercadolibre.com.ar/MLA-926534258-departamento-a-9-cuadras-del-centro-para-4-o-5-pax-bariloche-_JM,Departamento A 9 Cuadras Del Centro Para 4 O 5 Pax Bariloche,Departamento,6000.0,ARS,70,3
306,2021_10_25,-41.133293,-71.31705,https://departamento.mercadolibre.com.ar/MLA-926909872-excelente-departamento-en-dos-plantas-_JM,Excelente Departamento En Dos Plantas,Departamento,12000.0,ARS,70,2
307,2021_10_25,-41.17199,-71.39268,https://departamento.mercadolibre.com.ar/MLA-926911270-departamento-alquiler-temp-4amb-en-aralauquen-golf-_JM,Departamento Alquiler Temp. 4amb  En Aralauquen Golf,Departamento,100.0,USD,0,4
308,2021_10_25,-41.13429,-71.31161,https://departamento.mercadolibre.com.ar/MLA-927160818-alquiler-de-departamento-en-bariloche-por-dia-temporada-julio-agosto-2021-_JM,"Alquiler De Departamento En Bariloche Por Dia ,temporada Julio-agosto 2021",Departamento,150.0,USD,100,3
309,2021_10_25,-41.133842,-71.31149,https://departamento.mercadolibre.com.ar/MLA-927161054-alquiler-de-departamento-en-bariloche-por-dia-temporada-julio-agosto-2021-_JM,"Alquiler De Departamento En Bariloche Por Dia ,temporada Julio-agosto 2021",Departamento,200.0,USD,100,4
310,2021_10_25,-41.133842,-71.31149,https://departamento.mercadolibre.com.ar/MLA-927161081-alquiler-de-departamento-en-bariloche-por-dia-temporada-julio-agosto-2021-_JM,"Alquiler De Departamento En Bariloche Por Dia ,temporada Julio-agosto 2021",Departamento,65.0,USD,57,1
311,2021_10_25,-41.133842,-71.31149,https://departamento.mercadolibre.com.ar/MLA-927161138-alquiler-de-departamento-en-bariloche-por-dia-temporada-julio-agosto-2021-_JM,"Alquiler De Departamento En Bariloche Por Dia ,temporada Julio-agosto 2021",Departamento,50.0,USD,45,1
312,2021_10_25,-41.133842,-71.31149,https://departamento.mercadolibre.com.ar/MLA-927162004-alquiler-de-departamento-en-bariloche-por-dia-temporada-julio-agosto-2021-_JM,"Alquiler De Departamento En Bariloche Por Dia ,temporada Julio-agosto 2021",Departamento,230.0,USD,140,0
313,2021_10_25,-41.133842,-71.31149,https://departamento.mercadolibre.com.ar/MLA-927162024-alquiler-de-departamento-en-bariloche-por-dia-temporada-julio-agosto-2021-_JM,"Alquiler De Departamento En Bariloche Por Dia ,temporada Julio-agosto 2021",Departamento,260.0,USD,170,4
314,2021_10_25,-41.133842,-71.31149,https://departamento.mercadolibre.com.ar/MLA-927162407-alquiler-de-departamento-en-bariloche-por-dia-temporada-julio-agosto-2021-_JM,"Alquiler De Departamento En Bariloche Por Dia ,temporada Julio-agosto 2021",Departamento,250.0,USD,340,6
315,2021_10_25,-41.135483,-71.29916,https://departamento.mercadolibre.com.ar/MLA-927552466-alquiler-turistico-bariloche-vista-al-lago-_JM,Alquiler Turistico Bariloche. Vista Al Lago.,Departamento,8500.0,ARS,65,3
316,2021_10_25,-41.1341,-71.3164,https://departamento.mercadolibre.com.ar/MLA-927759431-departamento-en-muy-buena-ubicacion-y-con-vista-al-lago-nahu-_JM,Departamento En Muy Buena Ubicacion Y Con Vista Al Lago Nahu,Departamento,12000.0,ARS,50,2
317,2021_10_25,-41.133293,-71.31705,https://departamento.mercadolibre.com.ar/MLA-927760559-monoambiente-con-terraza-y-vista-al-lago-_JM,Monoambiente Con Terraza Y Vista Al Lago,Departamento,10000.0,ARS,30,1
318,2021_10_25,-41.12164,-71.39607,https://inmueble.mercadolibre.com.ar/MLA-927761428-excelente-departamento-con-vista-al-lago-nhuapi-_JM,Excelente Departamento Con Vista Al Lago N.huapi ,Ph,16000.0,ARS,70,2
319,2021_10_25,-41.13483,-71.31933,https://departamento.mercadolibre.com.ar/MLA-927766230-departamento-cabana-en-alquiler-bariloche-tarifas-2021-_JM,Departamento /cabaña En Alquiler Bariloche / Tarifas 2021,Departamento,3500.0,ARS,50,2
320,2021_10_25,-41.044083,-71.51766,https://departamento.mercadolibre.com.ar/MLA-927780023-departamento-en-duplex-cabana-en-bariloche-para2-y5-persona-_JM,"Departamento En Duplex, Cabaña En Bariloche Para2 Y5 Persona",Departamento,10700.0,ARS,75,3
321,2021_10_25,-41.134773,-71.30696,https://departamento.mercadolibre.com.ar/MLA-928430104-depto-ccochera-a-pocas-cuadras-del-centro-civico-_JM,"Depto C/cochera, A Pocas Cuadras Del Centro Civico",Departamento,13500.0,ARS,50,3
322,2021_10_25,-41.13529,-71.301155,https://departamento.mercadolibre.com.ar/MLA-928580058-monoambiente-centrico-bariloche-_JM,Monoambiente Céntrico - Bariloche,Departamento,5000.0,ARS,0,1
323,2021_10_25,-41.138096,-71.3077,https://departamento.mercadolibre.com.ar/MLA-928780682-bariloche-hermoso-departamento-_JM,Bariloche - Hermoso Departamento!!!,Departamento,5600.0,ARS,38,2
324,2021_10_25,-41.133614,-71.31607,https://departamento.mercadolibre.com.ar/MLA-928848671-monoambiente-centrico-con-vista-al-lago-_JM,Monoambiente Céntrico Con Vista Al Lago,Departamento,5500.0,ARS,30,1
325,2021_10_25,-41.133263,-71.302475,https://departamento.mercadolibre.com.ar/MLA-928960191-departamento-centrico-con-cochera-vista-a-la-catedral-y-lago-_JM,Departamento Céntrico Con Cochera Vista A La Catedral Y Lago,Departamento,9500.0,ARS,55,2
326,2021_10_25,-41.13374,-71.30659,https://departamento.mercadolibre.com.ar/MLA-929147600-loc-int-rio-negro-departamento-alq-cmuebles-temp-ars-56000-sem-_JM,Loc. Int. Rio Negro - Departamento Alq. C/muebles Temp. Ars 56.000 (sem.),Departamento,56000.0,ARS,47,1
327,2021_10_25,-41.172726,-71.436806,https://departamento.mercadolibre.com.ar/MLA-929365594-bariloche-latitud-catedral-apartamento-4pax-cpiscina-_JM,Bariloche Latitud Catedral Apartamento 4pax C/piscina,Departamento,8500.0,ARS,60,2
328,2021_10_25,-41.138004,-71.314995,https://departamento.mercadolibre.com.ar/MLA-930319634-departamento-bariloche-_JM,Departamento - Bariloche,Departamento,6000.0,ARS,0,2
329,2021_10_25,-41.119553,-71.401566,https://departamento.mercadolibre.com.ar/MLA-930506348-punto-justo-ubicado-en-playa-bonita-_JM,"Punto Justo, Ubicado En Playa Bonita",Departamento,14000.0,ARS,60,3
330,2021_10_25,-41.13383,-71.30769,https://departamento.mercadolibre.com.ar/MLA-930636366-alquiler-temporario-de-departamento-en-bariloche-5-personas-_JM,Alquiler Temporario De Departamento En Bariloche 5 Personas,Departamento,8300.0,ARS,60,3
331,2021_10_25,-41.138874,-71.31069,https://departamento.mercadolibre.com.ar/MLA-930650206-departamentocasa-tiny-con-cochera-en-el-centro-de-bariloche-_JM,Departamento/casa Tiny Con Cochera En El Centro De Bariloche,Departamento,4000.0,ARS,65,2
332,2021_10_25,-41.134438,-71.36466,https://departamento.mercadolibre.com.ar/MLA-931031470-el-mononoambiente-de-bariloche-con-vista-al-lago-_JM,"El Mononoambiente De Bariloche, Con Vista Al Lago",Departamento,4700.0,ARS,25,1
333,2021_10_25,-41.13556,-71.29947,https://departamento.mercadolibre.com.ar/MLA-931510633-alquiler-turistico-excelente-studio-en-bariloche-_JM,Alquiler Turístico/ Excelente Studio En Bariloche,Departamento,40000.0,ARS,33,1
334,2021_10_25,-41.126583,-71.36148,https://departamento.mercadolibre.com.ar/MLA-932189048-bariloche-edificio-club-del-cerro-catedral-_JM,Bariloche Edificio Club Del Cerro Catedral,Departamento,800.0,USD,36,2
335,2021_10_25,-41.13429,-71.3116,https://departamento.mercadolibre.com.ar/MLA-932251510-departamento-centro-de-bariloche-_JM,Departamento Centro De  Bariloche,Departamento,4700.0,ARS,30,1
336,2021_10_25,-41.130756,-71.260826,https://departamento.mercadolibre.com.ar/MLA-932546474-bariloche-alquiler-para-turismo-apta-hasta-45-pax-_JM,Bariloche Alquiler Para Turismo Apta Hasta  4/5 Pax.,Departamento,6500.0,ARS,50,3
337,2021_10_25,-41.13542,-71.30701,https://departamento.mercadolibre.com.ar/MLA-932631367-departamento-en-el-centro-con-vista-lago-nahuel-huapi-_JM,Departamento En El Centro Con Vista Lago Nahuel Huapi,Departamento,10500.0,ARS,50,2
338,2021_10_25,-41.104683,-71.43856,https://departamento.mercadolibre.com.ar/MLA-932671659-cabana-bariloche-lemuhue-abu-_JM,Cabaña Bariloche Lemuhue Abu,Departamento,6900.0,ARS,2400,3
339,2021_10_25,-41.138145,-71.30633,https://departamento.mercadolibre.com.ar/MLA-932742346-departamento-alquiler-turistico-bariloche-2-a-3-pax-centrico-_JM,Departamento Alquiler Turistico Bariloche 2 A 3 Pax Centrico,Departamento,4000.0,ARS,42,1
340,2021_10_25,-41.138145,-71.30633,https://departamento.mercadolibre.com.ar/MLA-932745515-departamento-alquiler-turistico-bariloche-2-y-4pax-centrico-_JM,Departamento Alquiler Turistico Bariloche 2 Y 4pax Centrico,Departamento,6000.0,ARS,49,2
341,2021_10_25,-41.133694,-71.31623,https://departamento.mercadolibre.com.ar/MLA-933038921-departamentos-centricos-en-bariloche-leer-descripcion-_JM,Departamentos Céntricos En Bariloche (leer Descripción),Departamento,3000.0,ARS,36,1
342,2021_10_25,-41.068115,-71.45878,https://departamento.mercadolibre.com.ar/MLA-933127796-hermosa-vistas-al-lago-pura-esencia-bariloche-f-_JM,"Hermosa Vistas Al Lago, Pura Esencia Bariloche (f)",Departamento,8500.0,ARS,45,2
343,2021_10_25,-41.16319,-71.44124,https://departamento.mercadolibre.com.ar/MLA-933153612-exclusivo-departamento-con-balcon-en-base-del-cerro-catedral-_JM,Exclusivo Departamento Con Balcon En Base Del Cerro Catedral,Departamento,15500.0,ARS,106,3
344,2021_10_25,-41.13895,-71.315315,https://departamento.mercadolibre.com.ar/MLA-933410707-comodo-y-nuevo-monoambiente-centrico-pre-viaje-_JM,Cómodo Y Nuevo Monoambiente  Céntrico (pre Viaje),Departamento,3800.0,ARS,30,1
345,2021_10_25,-41.162975,-71.36099,https://departamento.mercadolibre.com.ar/MLA-933924760-departamento-03-ambientes-vista-lago-en-arelauquen-_JM,Departamento 03 Ambientes Vista Lago En Arelauquen,Departamento,170.0,USD,97,3
346,2021_10_25,-41.162975,-71.36099,https://departamento.mercadolibre.com.ar/MLA-933924769-departamento-en-alquiler-para-5-pax-en-arelauquen-_JM,Departamento En Alquiler Para 5 Pax En Arelauquen,Departamento,170.0,USD,90,3
347,2021_10_25,-41.162975,-71.36099,https://departamento.mercadolibre.com.ar/MLA-933925482-klover-patagonia-ii-departamento-a-la-venta-de-5-ambientes-en-arelauquen-_JM,Klover Patagonia Ii - Departamento A La Venta De 5 Ambientes En Arelauquen,Departamento,250.0,USD,158,5
348,2021_10_25,-41.162975,-71.36099,https://departamento.mercadolibre.com.ar/MLA-933925597-departamento-en-alquiler-para-6-pax-en-arelauquen-klover-patagonia-i-_JM,Departamento En Alquiler Para 6 Pax En Arelauquen (klover Patagonia I),Departamento,180.0,USD,138,4
349,2021_10_25,-41.086174,-71.18559,https://departamento.mercadolibre.com.ar/MLA-934238842-depto-laguna-y-lago-a-14-km-de-bariloche-pileta-costa-lago-_JM,"Depto Laguna Y Lago A 14 Km De Bariloche, Pileta, Costa Lago",Departamento,8250.0,ARS,60,2
350,2021_10_25,-41.16212,-71.440926,https://departamento.mercadolibre.com.ar/MLA-934573146-departamento-cerro-catedral-oportunidad-muy-buena-renta-_JM,Departamento Cerro Catedral Oportunidad Muy Buena Renta,Departamento,150000.0,USD,69,2
351,2021_10_25,-41.12186,-71.39609,https://departamento.mercadolibre.com.ar/MLA-934582929-departamento-de-dos-dormitorios-con-vista-al-lago-_JM,Departamento De Dos Dormitorios Con Vista Al Lago.,Departamento,130000.0,ARS,88,3
352,2021_10_25,-41.165768,-71.385376,https://departamento.mercadolibre.com.ar/MLA-934820628-departamento-dormi-en-alquiler-turistico-arelauquen-_JM,Departamento Dormi En Alquiler Turístico Arelauquen,Departamento,130.0,USD,120,4
353,2021_10_25,-41.13542,-71.30701,https://departamento.mercadolibre.com.ar/MLA-934916346-departamento-familiar-en-el-centro-con-cochera-_JM,Departamento Familiar En El Centro Con Cochera,Departamento,15300.0,ARS,80,3
354,2021_10_25,-41.134586,-71.3114,https://departamento.mercadolibre.com.ar/MLA-934916757-departamento-en-microcentro-con-vista-al-lago-_JM,Departamento En Microcentro Con Vista Al Lago.,Departamento,4000.0,ARS,30,1
355,2021_10_25,-41.13553,-71.315346,https://departamento.mercadolibre.com.ar/MLA-934954948-moderno-departamento-alquiler-turistico-centro-bariloche-_JM,Moderno Departamento Alquiler Turístico Centro Bariloche,Departamento,6000.0,ARS,40,2
356,2021_10_25,-41.133842,-71.31149,https://departamento.mercadolibre.com.ar/MLA-935173207-alquiler-de-departamento-en-bariloche-por-dia-temporada-julio-agosto-2021-_JM,"Alquiler De Departamento En Bariloche Por Dia ,temporada Julio-agosto 2021",Departamento,280.0,USD,180,4
357,2021_10_25,-41.133842,-71.31149,https://departamento.mercadolibre.com.ar/MLA-935173276-alquiler-de-departamento-en-bariloche-por-dia-temporada-julio-agosto-2021-_JM,"Alquiler De Departamento En Bariloche Por Dia ,temporada Julio-agosto 2021",Departamento,250.0,USD,340,6
358,2021_10_25,-41.133842,-71.31149,https://departamento.mercadolibre.com.ar/MLA-935173419-alquiler-de-departamento-en-bariloche-por-dia-temporada-julio-agosto-2021-_JM,"Alquiler De Departamento En Bariloche Por Dia ,temporada Julio-agosto 2021",Departamento,230.0,USD,140,0
359,2021_10_25,-41.133842,-71.31149,https://departamento.mercadolibre.com.ar/MLA-935175912-alquiler-de-departamento-en-bariloche-por-dia-temporada-julio-agosto-2021-_JM,"Alquiler De Departamento En Bariloche Por Dia ,temporada Julio-agosto 2021",Departamento,200.0,USD,100,3
360,2021_10_25,-41.133842,-71.31149,https://departamento.mercadolibre.com.ar/MLA-935176049-alquiler-de-departamento-en-bariloche-por-dia-temporada-julio-agosto-2021-_JM,"Alquiler De Departamento En Bariloche Por Dia ,temporada Julio-agosto 2021",Departamento,260.0,USD,170,4
361,2021_10_25,-41.133842,-71.31149,https://departamento.mercadolibre.com.ar/MLA-935176253-alquiler-de-departamento-en-bariloche-por-dia-temporada-julio-agosto-2021-_JM,"Alquiler De Departamento En Bariloche Por Dia ,temporada Julio-agosto 2021",Departamento,65.0,USD,57,1
362,2021_10_25,-41.133842,-71.31149,https://departamento.mercadolibre.com.ar/MLA-935176944-alquiler-de-departamento-en-bariloche-por-dia-temporada-julio-agosto-2021-_JM,"Alquiler De Departamento En Bariloche Por Dia ,temporada Julio-agosto 2021",Departamento,50.0,USD,45,1
363,2021_10_25,-41.133842,-71.31149,https://departamento.mercadolibre.com.ar/MLA-935177029-alquiler-de-departamento-en-bariloche-por-dia-temporada-julio-agosto-2021-_JM,"Alquiler De Departamento En Bariloche Por Dia ,temporada Julio-agosto 2021",Departamento,55.0,USD,50,1
364,2021_10_25,-41.13429,-71.31161,https://departamento.mercadolibre.com.ar/MLA-935177116-alquiler-de-departamento-en-bariloche-por-dia-temporada-julio-agosto-2021-_JM,"Alquiler De Departamento En Bariloche Por Dia ,temporada Julio-agosto 2021",Departamento,150.0,USD,100,3
365,2021_10_25,-41.086174,-71.18559,https://departamento.mercadolibre.com.ar/MLA-935288521-depto-ccosta-de-lago-en-barrio-cerrado-a-14-km-de-bariloche-_JM,Depto C/costa De Lago En Barrio Cerrado A 14 Km De Bariloche,Departamento,8250.0,ARS,60,2
366,2021_10_25,-41.168903,-71.43626,https://departamento.mercadolibre.com.ar/MLA-935409751-bariloche-cabanas-deptos-2-y-3-ambientes-2-4-y-6-pax-_JM,"Bariloche Cabañas Deptos 2 Y 3 Ambientes 2 , 4 Y 6 Pax",Departamento,7000.0,ARS,50,3
367,2021_10_25,-41.158463,-71.41617,https://departamento.mercadolibre.com.ar/MLA-935411879-departamento-turistico-bariloche-a-5-cuadras-de-lago-gutierrez-para-4-o-6-pax-_JM,Departamento Turístico  Bariloche A 5 Cuadras De Lago Gutierrez Para 4 O 6 Pax,Departamento,7500.0,ARS,50,3
368,2021_10_25,-41.134235,-71.302635,https://departamento.mercadolibre.com.ar/MLA-935412719-alquiler-turistico-centrico-con-vista-bariloche-4-pax-_JM,"Alquiler Turistico Centrico, Con Vista Bariloche 4 Pax",Departamento,7000.0,ARS,55,2
369,2021_10_25,-41.134148,-71.30277,https://departamento.mercadolibre.com.ar/MLA-935412727-alquiler-turistico-centrico-con-vista-bariloche-2-pax-_JM,"Alquiler Turistico Centrico, Con Vista Bariloche 2 Pax",Departamento,6500.0,ARS,60,2
370,2021_10_25,-41.133842,-71.31149,https://departamento.mercadolibre.com.ar/MLA-935475166-alquiler-de-departamento-en-bariloche-por-dia-temporada-julio-agosto-2021-_JM,"Alquiler De Departamento En Bariloche Por Dia ,temporada Julio-agosto 2021",Departamento,280.0,USD,180,4
371,2021_10_25,-41.134766,-71.34409,https://departamento.mercadolibre.com.ar/MLA-935540962-alquiler-turistico-departamento-con-vista-y-cochera-para-6-pax-_JM,"Alquiler Turístico, Departamento Con Vista Y Cochera Para  6 Pax. ",Departamento,16000.0,ARS,100,3
372,2021_10_25,-41.13559,-71.299324,https://departamento.mercadolibre.com.ar/MLA-935593840-alquiler-turistico-bariloche-promocion-octubrenoviembre-_JM,"Alquiler Turistico Bariloche, Promocion Octubre/noviembre",Departamento,3800.0,ARS,40,1
